data_somministrazione,fascia_anagrafica,vaccinazioni,booster
2020-12-27,05-11,0,0
2020-12-27,12-19,0,0
2020-12-27,20-29,0,0
2020-12-27,30-39,0,0
2020-12-27,40-49,2,0
2020-12-27,50-59,3,0
2020-12-27,60-69,5,0
2020-12-27,70-79,3,0
2020-12-27,80-89,1,0
2020-12-27,90+,2,0
2020-12-28,05-11,0,0
2020-12-28,12-19,0,0
2020-12-28,20-29,1,0
2020-12-28,30-39,0,0
2020-12-28,40-49,1,0
2020-12-28,50-59,0,0
2020-12-28,60-69,0,0
2020-12-28,70-79,0,0
2020-12-28,80-89,0,0
2020-12-28,90+,0,0
2020-12-29,05-11,0,0
2020-12-29,12-19,0,0
2020-12-29,20-29,0,0
2020-12-29,30-39,1,0
2020-12-29,40-49,0,0
2020-12-29,50-59,0,0
2020-12-29,60-69,0,0
2020-12-29,70-79,0,0
2020-12-29,80-89,0,0
2020-12-29,90+,0,0
2020-12-30,05-11,0,0
2020-12-30,12-19,0,0
2020-12-30,20-29,1,0
2020-12-30,30-39,1,0
2020-12-30,40-49,1,0
2020-12-30,50-59,0,0
2020-12-30,60-69,0,0
2020-12-30,70-79,0,0
2020-12-30,80-89,0,0
2020-12-30,90+,0,0
2020-12-31,05-11,0,0
2020-12-31,12-19,0,0
2020-12-31,20-29,1,0
2020-12-31,30-39,4,0
2020-12-31,40-49,7,0
2020-12-31,50-59,12,0
2020-12-31,60-69,4,0
2020-12-31,70-79,2,0
2020-12-31,80-89,2,0
2020-12-31,90+,2,0
2021-01-01,05-11,0,0
2021-01-01,12-19,0,0
2021-01-01,20-29,1,0
2021-01-01,30-39,2,0
2021-01-01,40-49,3,0
2021-01-01,50-59,4,0
2021-01-01,60-69,1,0
2021-01-01,70-79,0,0
2021-01-01,80-89,1,0
2021-01-01,90+,0,0
2021-01-02,05-11,0,0
2021-01-02,12-19,0,0
2021-01-02,20-29,2,0
2021-01-02,30-39,8,0
2021-01-02,40-49,11,0
2021-01-02,50-59,14,0
2021-01-02,60-69,11,0
2021-01-02,70-79,1,0
2021-01-02,80-89,3,0
2021-01-02,90+,3,0
2021-01-03,05-11,0,0
2021-01-03,12-19,1,0
2021-01-03,20-29,3,0
2021-01-03,30-39,8,0
2021-01-03,40-49,11,0
2021-01-03,50-59,12,0
2021-01-03,60-69,8,0
2021-01-03,70-79,1,0
2021-01-03,80-89,0,0
2021-01-03,90+,2,0
2021-01-04,05-11,0,0
2021-01-04,12-19,0,0
2021-01-04,20-29,15,0
2021-01-04,30-39,19,0
2021-01-04,40-49,22,0
2021-01-04,50-59,30,0
2021-01-04,60-69,14,0
2021-01-04,70-79,3,0
2021-01-04,80-89,12,0
2021-01-04,90+,7,0
2021-01-05,05-11,0,0
2021-01-05,12-19,0,0
2021-01-05,20-29,8,0
2021-01-05,30-39,26,0
2021-01-05,40-49,22,0
2021-01-05,50-59,41,0
2021-01-05,60-69,17,0
2021-01-05,70-79,10,0
2021-01-05,80-89,19,0
2021-01-05,90+,15,0
2021-01-06,05-11,0,0
2021-01-06,12-19,1,0
2021-01-06,20-29,5,0
2021-01-06,30-39,16,0
2021-01-06,40-49,17,0
2021-01-06,50-59,30,0
2021-01-06,60-69,14,0
2021-01-06,70-79,7,0
2021-01-06,80-89,17,0
2021-01-06,90+,27,0
2021-01-07,05-11,0,0
2021-01-07,12-19,0,0
2021-01-07,20-29,14,0
2021-01-07,30-39,22,0
2021-01-07,40-49,37,0
2021-01-07,50-59,37,0
2021-01-07,60-69,21,0
2021-01-07,70-79,9,0
2021-01-07,80-89,28,0
2021-01-07,90+,28,0
2021-01-08,05-11,0,0
2021-01-08,12-19,0,0
2021-01-08,20-29,18,0
2021-01-08,30-39,30,0
2021-01-08,40-49,52,0
2021-01-08,50-59,47,0
2021-01-08,60-69,27,0
2021-01-08,70-79,12,0
2021-01-08,80-89,24,0
2021-01-08,90+,35,0
2021-01-09,05-11,0,0
2021-01-09,12-19,2,0
2021-01-09,20-29,13,0
2021-01-09,30-39,22,0
2021-01-09,40-49,34,0
2021-01-09,50-59,40,0
2021-01-09,60-69,20,0
2021-01-09,70-79,11,0
2021-01-09,80-89,23,0
2021-01-09,90+,7,0
2021-01-10,05-11,0,0
2021-01-10,12-19,0,0
2021-01-10,20-29,13,0
2021-01-10,30-39,14,0
2021-01-10,40-49,20,0
2021-01-10,50-59,34,0
2021-01-10,60-69,11,0
2021-01-10,70-79,2,0
2021-01-10,80-89,11,0
2021-01-10,90+,4,0
2021-01-11,05-11,0,0
2021-01-11,12-19,1,0
2021-01-11,20-29,12,0
2021-01-11,30-39,25,0
2021-01-11,40-49,32,0
2021-01-11,50-59,50,0
2021-01-11,60-69,35,0
2021-01-11,70-79,5,0
2021-01-11,80-89,15,0
2021-01-11,90+,22,0
2021-01-12,05-11,0,0
2021-01-12,12-19,0,0
2021-01-12,20-29,13,0
2021-01-12,30-39,23,0
2021-01-12,40-49,37,0
2021-01-12,50-59,39,0
2021-01-12,60-69,32,0
2021-01-12,70-79,16,0
2021-01-12,80-89,20,0
2021-01-12,90+,25,0
2021-01-13,05-11,0,0
2021-01-13,12-19,0,0
2021-01-13,20-29,25,0
2021-01-13,30-39,42,0
2021-01-13,40-49,45,0
2021-01-13,50-59,73,0
2021-01-13,60-69,34,0
2021-01-13,70-79,18,0
2021-01-13,80-89,45,0
2021-01-13,90+,28,0
2021-01-14,05-11,0,0
2021-01-14,12-19,0,0
2021-01-14,20-29,27,0
2021-01-14,30-39,67,0
2021-01-14,40-49,57,0
2021-01-14,50-59,65,0
2021-01-14,60-69,44,0
2021-01-14,70-79,27,0
2021-01-14,80-89,62,0
2021-01-14,90+,59,0
2021-01-15,05-11,0,0
2021-01-15,12-19,0,0
2021-01-15,20-29,14,0
2021-01-15,30-39,30,0
2021-01-15,40-49,32,0
2021-01-15,50-59,61,0
2021-01-15,60-69,33,0
2021-01-15,70-79,9,0
2021-01-15,80-89,38,0
2021-01-15,90+,31,0
2021-01-16,05-11,0,0
2021-01-16,12-19,0,0
2021-01-16,20-29,10,0
2021-01-16,30-39,12,0
2021-01-16,40-49,30,0
2021-01-16,50-59,26,0
2021-01-16,60-69,30,0
2021-01-16,70-79,12,0
2021-01-16,80-89,31,0
2021-01-16,90+,14,0
2021-01-17,05-11,0,0
2021-01-17,12-19,0,0
2021-01-17,20-29,276,0
2021-01-17,30-39,577,0
2021-01-17,40-49,586,0
2021-01-17,50-59,894,0
2021-01-17,60-69,654,0
2021-01-17,70-79,28,0
2021-01-17,80-89,21,0
2021-01-17,90+,12,0
2021-01-18,05-11,0,0
2021-01-18,12-19,0,0
2021-01-18,20-29,408,0
2021-01-18,30-39,782,0
2021-01-18,40-49,1066,0
2021-01-18,50-59,1504,0
2021-01-18,60-69,1142,0
2021-01-18,70-79,111,0
2021-01-18,80-89,93,0
2021-01-18,90+,77,0
2021-01-19,05-11,0,0
2021-01-19,12-19,0,0
2021-01-19,20-29,122,0
2021-01-19,30-39,315,0
2021-01-19,40-49,360,0
2021-01-19,50-59,576,0
2021-01-19,60-69,433,0
2021-01-19,70-79,18,0
2021-01-19,80-89,29,0
2021-01-19,90+,18,0
2021-01-20,05-11,0,0
2021-01-20,12-19,2,0
2021-01-20,20-29,339,0
2021-01-20,30-39,855,0
2021-01-20,40-49,1120,0
2021-01-20,50-59,1264,0
2021-01-20,60-69,728,0
2021-01-20,70-79,98,0
2021-01-20,80-89,126,0
2021-01-20,90+,119,0
2021-01-21,05-11,0,0
2021-01-21,12-19,5,0
2021-01-21,20-29,1586,0
2021-01-21,30-39,3463,0
2021-01-21,40-49,4523,0
2021-01-21,50-59,5850,0
2021-01-21,60-69,3293,0
2021-01-21,70-79,331,0
2021-01-21,80-89,522,0
2021-01-21,90+,432,0
2021-01-22,05-11,0,0
2021-01-22,12-19,3,0
2021-01-22,20-29,1117,0
2021-01-22,30-39,2304,0
2021-01-22,40-49,2938,0
2021-01-22,50-59,3923,0
2021-01-22,60-69,2222,0
2021-01-22,70-79,369,0
2021-01-22,80-89,675,0
2021-01-22,90+,643,0
2021-01-23,05-11,0,0
2021-01-23,12-19,16,0
2021-01-23,20-29,3001,0
2021-01-23,30-39,5950,0
2021-01-23,40-49,7296,0
2021-01-23,50-59,9347,0
2021-01-23,60-69,5860,0
2021-01-23,70-79,534,0
2021-01-23,80-89,707,0
2021-01-23,90+,647,0
2021-01-24,05-11,0,0
2021-01-24,12-19,3,0
2021-01-24,20-29,2945,0
2021-01-24,30-39,5451,0
2021-01-24,40-49,6745,0
2021-01-24,50-59,8908,0
2021-01-24,60-69,5477,0
2021-01-24,70-79,465,0
2021-01-24,80-89,445,0
2021-01-24,90+,354,0
2021-01-25,05-11,0,0
2021-01-25,12-19,11,0
2021-01-25,20-29,5823,0
2021-01-25,30-39,11496,0
2021-01-25,40-49,14009,0
2021-01-25,50-59,18903,0
2021-01-25,60-69,11141,0
2021-01-25,70-79,1001,0
2021-01-25,80-89,1246,0
2021-01-25,90+,1142,0
2021-01-26,05-11,0,0
2021-01-26,12-19,13,0
2021-01-26,20-29,6387,0
2021-01-26,30-39,13303,0
2021-01-26,40-49,16059,0
2021-01-26,50-59,22262,0
2021-01-26,60-69,13745,0
2021-01-26,70-79,1425,0
2021-01-26,80-89,1716,0
2021-01-26,90+,1634,0
2021-01-27,05-11,0,0
2021-01-27,12-19,40,0
2021-01-27,20-29,6698,0
2021-01-27,30-39,11188,0
2021-01-27,40-49,12931,0
2021-01-27,50-59,17854,0
2021-01-27,60-69,11859,0
2021-01-27,70-79,1533,0
2021-01-27,80-89,1463,0
2021-01-27,90+,1313,0
2021-01-28,05-11,0,0
2021-01-28,12-19,36,0
2021-01-28,20-29,7566,0
2021-01-28,30-39,14842,0
2021-01-28,40-49,18587,0
2021-01-28,50-59,26084,0
2021-01-28,60-69,15346,0
2021-01-28,70-79,2095,0
2021-01-28,80-89,2493,0
2021-01-28,90+,2289,0
2021-01-29,05-11,0,0
2021-01-29,12-19,46,0
2021-01-29,20-29,9074,0
2021-01-29,30-39,15232,0
2021-01-29,40-49,19425,0
2021-01-29,50-59,26643,0
2021-01-29,60-69,16040,0
2021-01-29,70-79,2488,0
2021-01-29,80-89,2784,0
2021-01-29,90+,2341,0
2021-01-30,05-11,0,0
2021-01-30,12-19,62,0
2021-01-30,20-29,8807,0
2021-01-30,30-39,13787,0
2021-01-30,40-49,16739,0
2021-01-30,50-59,22806,0
2021-01-30,60-69,17101,0
2021-01-30,70-79,2874,0
2021-01-30,80-89,2471,0
2021-01-30,90+,1967,0
2021-01-31,05-11,0,0
2021-01-31,12-19,131,0
2021-01-31,20-29,6985,0
2021-01-31,30-39,9620,0
2021-01-31,40-49,11227,0
2021-01-31,50-59,14800,0
2021-01-31,60-69,10349,0
2021-01-31,70-79,2013,0
2021-01-31,80-89,1277,0
2021-01-31,90+,952,0
2021-02-01,05-11,0,0
2021-02-01,12-19,95,0
2021-02-01,20-29,8762,0
2021-02-01,30-39,12456,0
2021-02-01,40-49,15841,0
2021-02-01,50-59,22088,0
2021-02-01,60-69,13104,0
2021-02-01,70-79,2988,0
2021-02-01,80-89,3665,0
2021-02-01,90+,2901,0
2021-02-02,05-11,0,0
2021-02-02,12-19,65,0
2021-02-02,20-29,8667,0
2021-02-02,30-39,11915,0
2021-02-02,40-49,15441,0
2021-02-02,50-59,21513,0
2021-02-02,60-69,13039,0
2021-02-02,70-79,3665,0
2021-02-02,80-89,4226,0
2021-02-02,90+,3638,0
2021-02-03,05-11,0,0
2021-02-03,12-19,125,0
2021-02-03,20-29,10209,0
2021-02-03,30-39,13447,0
2021-02-03,40-49,17194,0
2021-02-03,50-59,22913,0
2021-02-03,60-69,13667,0
2021-02-03,70-79,3906,0
2021-02-03,80-89,5140,0
2021-02-03,90+,4613,0
2021-02-04,05-11,0,0
2021-02-04,12-19,142,0
2021-02-04,20-29,10554,0
2021-02-04,30-39,13591,0
2021-02-04,40-49,17694,0
2021-02-04,50-59,23498,0
2021-02-04,60-69,13687,0
2021-02-04,70-79,4435,0
2021-02-04,80-89,6449,0
2021-02-04,90+,5329,0
2021-02-05,05-11,0,0
2021-02-05,12-19,102,0
2021-02-05,20-29,10344,0
2021-02-05,30-39,13091,0
2021-02-05,40-49,16493,0
2021-02-05,50-59,21854,0
2021-02-05,60-69,12579,0
2021-02-05,70-79,4130,0
2021-02-05,80-89,6879,0
2021-02-05,90+,4808,0
2021-02-06,05-11,0,0
2021-02-06,12-19,145,0
2021-02-06,20-29,7651,0
2021-02-06,30-39,8736,0
2021-02-06,40-49,10990,0
2021-02-06,50-59,14260,0
2021-02-06,60-69,9907,0
2021-02-06,70-79,3457,0
2021-02-06,80-89,5434,0
2021-02-06,90+,3150,0
2021-02-07,05-11,0,0
2021-02-07,12-19,86,0
2021-02-07,20-29,4438,0
2021-02-07,30-39,4336,0
2021-02-07,40-49,5526,0
2021-02-07,50-59,7015,0
2021-02-07,60-69,4854,0
2021-02-07,70-79,1701,0
2021-02-07,80-89,3583,0
2021-02-07,90+,1378,0
2021-02-08,05-11,0,0
2021-02-08,12-19,58,0
2021-02-08,20-29,4163,0
2021-02-08,30-39,5487,0
2021-02-08,40-49,7022,0
2021-02-08,50-59,9204,0
2021-02-08,60-69,5534,0
2021-02-08,70-79,2260,0
2021-02-08,80-89,3674,0
2021-02-08,90+,3008,0
2021-02-09,05-11,0,0
2021-02-09,12-19,39,0
2021-02-09,20-29,3276,0
2021-02-09,30-39,4350,0
2021-02-09,40-49,5414,0
2021-02-09,50-59,6846,0
2021-02-09,60-69,4143,0
2021-02-09,70-79,1999,0
2021-02-09,80-89,3753,0
2021-02-09,90+,3012,0
2021-02-10,05-11,0,0
2021-02-10,12-19,34,0
2021-02-10,20-29,2494,0
2021-02-10,30-39,3486,0
2021-02-10,40-49,4647,0
2021-02-10,50-59,5908,0
2021-02-10,60-69,3299,0
2021-02-10,70-79,1700,0
2021-02-10,80-89,4051,0
2021-02-10,90+,2759,0
2021-02-11,05-11,0,0
2021-02-11,12-19,23,0
2021-02-11,20-29,1602,0
2021-02-11,30-39,2413,0
2021-02-11,40-49,3216,0
2021-02-11,50-59,3994,0
2021-02-11,60-69,2290,0
2021-02-11,70-79,1262,0
2021-02-11,80-89,3114,0
2021-02-11,90+,2434,0
2021-02-12,05-11,0,0
2021-02-12,12-19,19,0
2021-02-12,20-29,1380,0
2021-02-12,30-39,1954,0
2021-02-12,40-49,2622,0
2021-02-12,50-59,3172,0
2021-02-12,60-69,1743,0
2021-02-12,70-79,1068,0
2021-02-12,80-89,2261,0
2021-02-12,90+,1959,0
2021-02-13,05-11,0,0
2021-02-13,12-19,29,0
2021-02-13,20-29,529,0
2021-02-13,30-39,882,0
2021-02-13,40-49,1156,0
2021-02-13,50-59,1540,0
2021-02-13,60-69,1178,0
2021-02-13,70-79,460,0
2021-02-13,80-89,763,0
2021-02-13,90+,679,0
2021-02-14,05-11,0,0
2021-02-14,12-19,9,0
2021-02-14,20-29,327,0
2021-02-14,30-39,374,0
2021-02-14,40-49,416,0
2021-02-14,50-59,661,0
2021-02-14,60-69,365,0
2021-02-14,70-79,261,0
2021-02-14,80-89,275,0
2021-02-14,90+,167,0
2021-02-15,05-11,0,0
2021-02-15,12-19,14,0
2021-02-15,20-29,702,0
2021-02-15,30-39,905,0
2021-02-15,40-49,1110,0
2021-02-15,50-59,1385,0
2021-02-15,60-69,830,0
2021-02-15,70-79,498,0
2021-02-15,80-89,768,0
2021-02-15,90+,609,0
2021-02-16,05-11,0,0
2021-02-16,12-19,15,0
2021-02-16,20-29,588,0
2021-02-16,30-39,946,0
2021-02-16,40-49,1180,0
2021-02-16,50-59,1350,0
2021-02-16,60-69,891,0
2021-02-16,70-79,523,0
2021-02-16,80-89,825,0
2021-02-16,90+,653,0
2021-02-17,05-11,0,0
2021-02-17,12-19,18,0
2021-02-17,20-29,1005,0
2021-02-17,30-39,1348,0
2021-02-17,40-49,1701,0
2021-02-17,50-59,2144,0
2021-02-17,60-69,1455,0
2021-02-17,70-79,761,0
2021-02-17,80-89,1129,0
2021-02-17,90+,930,0
2021-02-18,05-11,0,0
2021-02-18,12-19,15,0
2021-02-18,20-29,816,0
2021-02-18,30-39,1159,0
2021-02-18,40-49,1554,0
2021-02-18,50-59,1805,0
2021-02-18,60-69,1114,0
2021-02-18,70-79,586,0
2021-02-18,80-89,1208,0
2021-02-18,90+,955,0
2021-02-19,05-11,0,0
2021-02-19,12-19,23,0
2021-02-19,20-29,903,0
2021-02-19,30-39,1138,0
2021-02-19,40-49,1526,0
2021-02-19,50-59,1666,0
2021-02-19,60-69,889,0
2021-02-19,70-79,480,0
2021-02-19,80-89,941,0
2021-02-19,90+,593,0
2021-02-20,05-11,0,0
2021-02-20,12-19,41,0
2021-02-20,20-29,493,0
2021-02-20,30-39,682,0
2021-02-20,40-49,918,0
2021-02-20,50-59,1134,0
2021-02-20,60-69,784,0
2021-02-20,70-79,334,0
2021-02-20,80-89,689,0
2021-02-20,90+,395,0
2021-02-21,05-11,0,0
2021-02-21,12-19,19,0
2021-02-21,20-29,282,0
2021-02-21,30-39,408,0
2021-02-21,40-49,598,0
2021-02-21,50-59,662,0
2021-02-21,60-69,291,0
2021-02-21,70-79,138,0
2021-02-21,80-89,366,0
2021-02-21,90+,177,0
2021-02-22,05-11,0,0
2021-02-22,12-19,5,0
2021-02-22,20-29,621,0
2021-02-22,30-39,899,0
2021-02-22,40-49,1199,0
2021-02-22,50-59,1499,0
2021-02-22,60-69,784,0
2021-02-22,70-79,389,0
2021-02-22,80-89,879,0
2021-02-22,90+,558,0
2021-02-23,05-11,0,0
2021-02-23,12-19,20,0
2021-02-23,20-29,736,0
2021-02-23,30-39,1015,0
2021-02-23,40-49,1428,0
2021-02-23,50-59,1484,0
2021-02-23,60-69,775,0
2021-02-23,70-79,324,0
2021-02-23,80-89,865,0
2021-02-23,90+,450,0
2021-02-24,05-11,0,0
2021-02-24,12-19,12,0
2021-02-24,20-29,910,0
2021-02-24,30-39,1369,0
2021-02-24,40-49,1834,0
2021-02-24,50-59,2054,0
2021-02-24,60-69,1037,0
2021-02-24,70-79,524,0
2021-02-24,80-89,1374,0
2021-02-24,90+,670,0
2021-02-25,05-11,0,0
2021-02-25,12-19,20,0
2021-02-25,20-29,1472,0
2021-02-25,30-39,2072,0
2021-02-25,40-49,2491,0
2021-02-25,50-59,2970,0
2021-02-25,60-69,1828,0
2021-02-25,70-79,700,0
2021-02-25,80-89,1694,0
2021-02-25,90+,916,0
2021-02-26,05-11,0,0
2021-02-26,12-19,31,0
2021-02-26,20-29,2011,0
2021-02-26,30-39,2665,0
2021-02-26,40-49,3225,0
2021-02-26,50-59,3697,0
2021-02-26,60-69,2165,0
2021-02-26,70-79,804,0
2021-02-26,80-89,1770,0
2021-02-26,90+,1112,0
2021-02-27,05-11,0,0
2021-02-27,12-19,36,0
2021-02-27,20-29,1744,0
2021-02-27,30-39,2135,0
2021-02-27,40-49,2497,0
2021-02-27,50-59,2900,0
2021-02-27,60-69,2019,0
2021-02-27,70-79,675,0
2021-02-27,80-89,1235,0
2021-02-27,90+,606,0
2021-02-28,05-11,0,0
2021-02-28,12-19,32,0
2021-02-28,20-29,1358,0
2021-02-28,30-39,1386,0
2021-02-28,40-49,1710,0
2021-02-28,50-59,2142,0
2021-02-28,60-69,1384,0
2021-02-28,70-79,466,0
2021-02-28,80-89,683,0
2021-02-28,90+,182,0
2021-03-01,05-11,0,0
2021-03-01,12-19,28,0
2021-03-01,20-29,3048,0
2021-03-01,30-39,3318,0
2021-03-01,40-49,4039,0
2021-03-01,50-59,5219,0
2021-03-01,60-69,3217,0
2021-03-01,70-79,1051,0
2021-03-01,80-89,5202,0
2021-03-01,90+,1309,0
2021-03-02,05-11,0,0
2021-03-02,12-19,47,0
2021-03-02,20-29,4094,0
2021-03-02,30-39,4201,0
2021-03-02,40-49,5175,0
2021-03-02,50-59,6409,0
2021-03-02,60-69,4142,0
2021-03-02,70-79,1445,0
2021-03-02,80-89,5854,0
2021-03-02,90+,1794,0
2021-03-03,05-11,0,0
2021-03-03,12-19,75,0
2021-03-03,20-29,5596,0
2021-03-03,30-39,6026,0
2021-03-03,40-49,6825,0
2021-03-03,50-59,8570,0
2021-03-03,60-69,5899,0
2021-03-03,70-79,2446,0
2021-03-03,80-89,7017,0
2021-03-03,90+,2135,0
2021-03-04,05-11,0,0
2021-03-04,12-19,65,0
2021-03-04,20-29,6125,0
2021-03-04,30-39,6482,0
2021-03-04,40-49,7792,0
2021-03-04,50-59,9631,0
2021-03-04,60-69,6286,0
2021-03-04,70-79,2527,0
2021-03-04,80-89,8470,0
2021-03-04,90+,2810,0
2021-03-05,05-11,0,0
2021-03-05,12-19,98,0
2021-03-05,20-29,7225,0
2021-03-05,30-39,7639,0
2021-03-05,40-49,9057,0
2021-03-05,50-59,10365,0
2021-03-05,60-69,6884,0
2021-03-05,70-79,2843,0
2021-03-05,80-89,9042,0
2021-03-05,90+,2525,0
2021-03-06,05-11,0,0
2021-03-06,12-19,114,0
2021-03-06,20-29,4631,0
2021-03-06,30-39,5481,0
2021-03-06,40-49,6548,0
2021-03-06,50-59,7657,0
2021-03-06,60-69,5348,0
2021-03-06,70-79,2254,0
2021-03-06,80-89,7909,0
2021-03-06,90+,1890,0
2021-03-07,05-11,0,0
2021-03-07,12-19,47,0
2021-03-07,20-29,2118,0
2021-03-07,30-39,2747,0
2021-03-07,40-49,3052,0
2021-03-07,50-59,3530,0
2021-03-07,60-69,2790,0
2021-03-07,70-79,1237,0
2021-03-07,80-89,5732,0
2021-03-07,90+,1029,0
2021-03-08,05-11,0,0
2021-03-08,12-19,84,0
2021-03-08,20-29,4942,0
2021-03-08,30-39,5641,0
2021-03-08,40-49,6697,0
2021-03-08,50-59,7910,0
2021-03-08,60-69,5244,0
2021-03-08,70-79,2407,0
2021-03-08,80-89,15087,0
2021-03-08,90+,2604,0
2021-03-09,05-11,0,0
2021-03-09,12-19,51,0
2021-03-09,20-29,4373,0
2021-03-09,30-39,5567,0
2021-03-09,40-49,6653,0
2021-03-09,50-59,7526,0
2021-03-09,60-69,4950,0
2021-03-09,70-79,2106,0
2021-03-09,80-89,18359,0
2021-03-09,90+,3371,0
2021-03-10,05-11,0,0
2021-03-10,12-19,53,0
2021-03-10,20-29,4358,0
2021-03-10,30-39,5002,0
2021-03-10,40-49,5974,0
2021-03-10,50-59,7237,0
2021-03-10,60-69,4708,0
2021-03-10,70-79,2163,0
2021-03-10,80-89,23690,0
2021-03-10,90+,5326,0
2021-03-11,05-11,0,0
2021-03-11,12-19,62,0
2021-03-11,20-29,4908,0
2021-03-11,30-39,5178,0
2021-03-11,40-49,6086,0
2021-03-11,50-59,7780,0
2021-03-11,60-69,5069,0
2021-03-11,70-79,2350,0
2021-03-11,80-89,24970,0
2021-03-11,90+,7321,0
2021-03-12,05-11,0,0
2021-03-12,12-19,79,0
2021-03-12,20-29,5044,0
2021-03-12,30-39,5141,0
2021-03-12,40-49,6553,0
2021-03-12,50-59,8162,0
2021-03-12,60-69,5032,0
2021-03-12,70-79,2166,0
2021-03-12,80-89,25981,0
2021-03-12,90+,6854,0
2021-03-13,05-11,0,0
2021-03-13,12-19,49,0
2021-03-13,20-29,3349,0
2021-03-13,30-39,3767,0
2021-03-13,40-49,4320,0
2021-03-13,50-59,5248,0
2021-03-13,60-69,3513,0
2021-03-13,70-79,1583,0
2021-03-13,80-89,23874,0
2021-03-13,90+,5945,0
2021-03-14,05-11,0,0
2021-03-14,12-19,29,0
2021-03-14,20-29,1755,0
2021-03-14,30-39,2189,0
2021-03-14,40-49,2563,0
2021-03-14,50-59,3030,0
2021-03-14,60-69,2069,0
2021-03-14,70-79,893,0
2021-03-14,80-89,18586,0
2021-03-14,90+,4221,0
2021-03-15,05-11,0,0
2021-03-15,12-19,69,0
2021-03-15,20-29,3551,0
2021-03-15,30-39,4110,0
2021-03-15,40-49,5250,0
2021-03-15,50-59,6295,0
2021-03-15,60-69,4308,0
2021-03-15,70-79,2007,0
2021-03-15,80-89,39872,0
2021-03-15,90+,7887,0
2021-03-16,05-11,0,0
2021-03-16,12-19,61,0
2021-03-16,20-29,3105,0
2021-03-16,30-39,3550,0
2021-03-16,40-49,4278,0
2021-03-16,50-59,5219,0
2021-03-16,60-69,3620,0
2021-03-16,70-79,2088,0
2021-03-16,80-89,41765,0
2021-03-16,90+,10300,0
2021-03-17,05-11,0,0
2021-03-17,12-19,70,0
2021-03-17,20-29,3137,0
2021-03-17,30-39,3407,0
2021-03-17,40-49,4206,0
2021-03-17,50-59,5078,0
2021-03-17,60-69,3706,0
2021-03-17,70-79,2017,0
2021-03-17,80-89,47225,0
2021-03-17,90+,14150,0
2021-03-18,05-11,0,0
2021-03-18,12-19,61,0
2021-03-18,20-29,2371,0
2021-03-18,30-39,2939,0
2021-03-18,40-49,3640,0
2021-03-18,50-59,4398,0
2021-03-18,60-69,3424,0
2021-03-18,70-79,1862,0
2021-03-18,80-89,50311,0
2021-03-18,90+,12574,0
2021-03-19,05-11,0,0
2021-03-19,12-19,76,0
2021-03-19,20-29,2412,0
2021-03-19,30-39,3396,0
2021-03-19,40-49,4136,0
2021-03-19,50-59,4820,0
2021-03-19,60-69,3469,0
2021-03-19,70-79,1858,0
2021-03-19,80-89,49201,0
2021-03-19,90+,11634,0
2021-03-20,05-11,0,0
2021-03-20,12-19,47,0
2021-03-20,20-29,1473,0
2021-03-20,30-39,2303,0
2021-03-20,40-49,2731,0
2021-03-20,50-59,3313,0
2021-03-20,60-69,2233,0
2021-03-20,70-79,1402,0
2021-03-20,80-89,41892,0
2021-03-20,90+,9238,0
2021-03-21,05-11,0,0
2021-03-21,12-19,39,0
2021-03-21,20-29,1555,0
2021-03-21,30-39,1459,0
2021-03-21,40-49,1888,0
2021-03-21,50-59,2343,0
2021-03-21,60-69,1667,0
2021-03-21,70-79,1106,0
2021-03-21,80-89,30730,0
2021-03-21,90+,6452,0
2021-03-22,05-11,0,0
2021-03-22,12-19,77,0
2021-03-22,20-29,1967,0
2021-03-22,30-39,2159,0
2021-03-22,40-49,2691,0
2021-03-22,50-59,3360,0
2021-03-22,60-69,2547,0
2021-03-22,70-79,1722,0
2021-03-22,80-89,45552,0
2021-03-22,90+,9312,0
2021-03-23,05-11,0,0
2021-03-23,12-19,97,0
2021-03-23,20-29,2284,0
2021-03-23,30-39,2834,0
2021-03-23,40-49,3435,0
2021-03-23,50-59,4251,0
2021-03-23,60-69,3280,0
2021-03-23,70-79,2123,0
2021-03-23,80-89,46901,0
2021-03-23,90+,10475,0
2021-03-24,05-11,0,0
2021-03-24,12-19,84,0
2021-03-24,20-29,1775,0
2021-03-24,30-39,2486,0
2021-03-24,40-49,3323,0
2021-03-24,50-59,4176,0
2021-03-24,60-69,3613,0
2021-03-24,70-79,2078,0
2021-03-24,80-89,56557,0
2021-03-24,90+,16674,0
2021-03-25,05-11,0,0
2021-03-25,12-19,79,0
2021-03-25,20-29,1951,0
2021-03-25,30-39,2578,0
2021-03-25,40-49,3470,0
2021-03-25,50-59,4081,0
2021-03-25,60-69,3041,0
2021-03-25,70-79,2607,0
2021-03-25,80-89,54702,0
2021-03-25,90+,17177,0
2021-03-26,05-11,0,0
2021-03-26,12-19,159,0
2021-03-26,20-29,2305,0
2021-03-26,30-39,2821,0
2021-03-26,40-49,3742,0
2021-03-26,50-59,4532,0
2021-03-26,60-69,3342,0
2021-03-26,70-79,2653,0
2021-03-26,80-89,50322,0
2021-03-26,90+,13605,0
2021-03-27,05-11,0,0
2021-03-27,12-19,87,0
2021-03-27,20-29,1924,0
2021-03-27,30-39,2159,0
2021-03-27,40-49,2568,0
2021-03-27,50-59,3246,0
2021-03-27,60-69,2781,0
2021-03-27,70-79,2268,0
2021-03-27,80-89,47543,0
2021-03-27,90+,9233,0
2021-03-28,05-11,0,0
2021-03-28,12-19,66,0
2021-03-28,20-29,1295,0
2021-03-28,30-39,1409,0
2021-03-28,40-49,1816,0
2021-03-28,50-59,2415,0
2021-03-28,60-69,2118,0
2021-03-28,70-79,1762,0
2021-03-28,80-89,28079,0
2021-03-28,90+,5069,0
2021-03-29,05-11,0,0
2021-03-29,12-19,110,0
2021-03-29,20-29,1461,0
2021-03-29,30-39,1870,0
2021-03-29,40-49,2622,0
2021-03-29,50-59,3242,0
2021-03-29,60-69,2714,0
2021-03-29,70-79,2690,0
2021-03-29,80-89,43588,0
2021-03-29,90+,12387,0
2021-03-30,05-11,0,0
2021-03-30,12-19,85,0
2021-03-30,20-29,1641,0
2021-03-30,30-39,2128,0
2021-03-30,40-49,2819,0
2021-03-30,50-59,3853,0
2021-03-30,60-69,3442,0
2021-03-30,70-79,3405,0
2021-03-30,80-89,53110,0
2021-03-30,90+,10760,0
2021-03-31,05-11,0,0
2021-03-31,12-19,118,0
2021-03-31,20-29,2061,0
2021-03-31,30-39,2306,0
2021-03-31,40-49,3032,0
2021-03-31,50-59,3997,0
2021-03-31,60-69,3522,0
2021-03-31,70-79,4829,0
2021-03-31,80-89,62046,0
2021-03-31,90+,14160,0
2021-04-01,05-11,0,0
2021-04-01,12-19,144,0
2021-04-01,20-29,1923,0
2021-04-01,30-39,2258,0
2021-04-01,40-49,2973,0
2021-04-01,50-59,4029,0
2021-04-01,60-69,4301,0
2021-04-01,70-79,4795,0
2021-04-01,80-89,60432,0
2021-04-01,90+,14332,0
2021-04-02,05-11,0,0
2021-04-02,12-19,93,0
2021-04-02,20-29,1689,0
2021-04-02,30-39,2052,0
2021-04-02,40-49,2790,0
2021-04-02,50-59,3934,0
2021-04-02,60-69,3895,0
2021-04-02,70-79,5688,0
2021-04-02,80-89,52052,0
2021-04-02,90+,11787,0
2021-04-03,05-11,0,0
2021-04-03,12-19,58,0
2021-04-03,20-29,1065,0
2021-04-03,30-39,1552,0
2021-04-03,40-49,2190,0
2021-04-03,50-59,3223,0
2021-04-03,60-69,4514,0
2021-04-03,70-79,5025,0
2021-04-03,80-89,38545,0
2021-04-03,90+,8066,0
2021-04-04,05-11,0,0
2021-04-04,12-19,25,0
2021-04-04,20-29,237,0
2021-04-04,30-39,403,0
2021-04-04,40-49,589,0
2021-04-04,50-59,799,0
2021-04-04,60-69,1030,0
2021-04-04,70-79,1805,0
2021-04-04,80-89,14898,0
2021-04-04,90+,1898,0
2021-04-05,05-11,0,0
2021-04-05,12-19,37,0
2021-04-05,20-29,934,0
2021-04-05,30-39,1049,0
2021-04-05,40-49,1338,0
2021-04-05,50-59,1787,0
2021-04-05,60-69,1761,0
2021-04-05,70-79,2921,0
2021-04-05,80-89,25244,0
2021-04-05,90+,5182,0
2021-04-06,05-11,0,0
2021-04-06,12-19,163,0
2021-04-06,20-29,1952,0
2021-04-06,30-39,2527,0
2021-04-06,40-49,3288,0
2021-04-06,50-59,4403,0
2021-04-06,60-69,4390,0
2021-04-06,70-79,5804,0
2021-04-06,80-89,47217,0
2021-04-06,90+,11480,0
2021-04-07,05-11,0,0
2021-04-07,12-19,181,0
2021-04-07,20-29,2129,0
2021-04-07,30-39,2951,0
2021-04-07,40-49,4234,0
2021-04-07,50-59,5906,0
2021-04-07,60-69,6139,0
2021-04-07,70-79,7999,0
2021-04-07,80-89,54899,0
2021-04-07,90+,11285,0
2021-04-08,05-11,0,0
2021-04-08,12-19,157,0
2021-04-08,20-29,2199,0
2021-04-08,30-39,2802,0
2021-04-08,40-49,4126,0
2021-04-08,50-59,6091,0
2021-04-08,60-69,6870,0
2021-04-08,70-79,9681,0
2021-04-08,80-89,53837,0
2021-04-08,90+,9394,0
2021-04-09,05-11,0,0
2021-04-09,12-19,155,0
2021-04-09,20-29,2387,0
2021-04-09,30-39,3235,0
2021-04-09,40-49,4256,0
2021-04-09,50-59,5916,0
2021-04-09,60-69,6226,0
2021-04-09,70-79,9439,0
2021-04-09,80-89,48902,0
2021-04-09,90+,7857,0
2021-04-10,05-11,0,0
2021-04-10,12-19,186,0
2021-04-10,20-29,1432,0
2021-04-10,30-39,1973,0
2021-04-10,40-49,2947,0
2021-04-10,50-59,4632,0
2021-04-10,60-69,5411,0
2021-04-10,70-79,9469,0
2021-04-10,80-89,40607,0
2021-04-10,90+,7269,0
2021-04-11,05-11,0,0
2021-04-11,12-19,83,0
2021-04-11,20-29,1164,0
2021-04-11,30-39,1682,0
2021-04-11,40-49,2467,0
2021-04-11,50-59,3772,0
2021-04-11,60-69,4347,0
2021-04-11,70-79,6356,0
2021-04-11,80-89,21858,0
2021-04-11,90+,2969,0
2021-04-12,05-11,0,0
2021-04-12,12-19,181,0
2021-04-12,20-29,1383,0
2021-04-12,30-39,1799,0
2021-04-12,40-49,2758,0
2021-04-12,50-59,4190,0
2021-04-12,60-69,4871,0
2021-04-12,70-79,8585,0
2021-04-12,80-89,35314,0
2021-04-12,90+,7756,0
2021-04-13,05-11,0,0
2021-04-13,12-19,141,0
2021-04-13,20-29,1518,0
2021-04-13,30-39,2045,0
2021-04-13,40-49,2944,0
2021-04-13,50-59,4591,0
2021-04-13,60-69,5989,0
2021-04-13,70-79,10521,0
2021-04-13,80-89,38665,0
2021-04-13,90+,6087,0
2021-04-14,05-11,0,0
2021-04-14,12-19,176,0
2021-04-14,20-29,1978,0
2021-04-14,30-39,2345,0
2021-04-14,40-49,3532,0
2021-04-14,50-59,5466,0
2021-04-14,60-69,7390,0
2021-04-14,70-79,13510,0
2021-04-14,80-89,44029,0
2021-04-14,90+,6989,0
2021-04-15,05-11,0,0
2021-04-15,12-19,270,0
2021-04-15,20-29,2298,0
2021-04-15,30-39,2968,0
2021-04-15,40-49,4836,0
2021-04-15,50-59,7581,0
2021-04-15,60-69,9962,0
2021-04-15,70-79,16474,0
2021-04-15,80-89,51943,0
2021-04-15,90+,8965,0
2021-04-16,05-11,0,0
2021-04-16,12-19,261,0
2021-04-16,20-29,2290,0
2021-04-16,30-39,3067,0
2021-04-16,40-49,4448,0
2021-04-16,50-59,7272,0
2021-04-16,60-69,9897,0
2021-04-16,70-79,18794,0
2021-04-16,80-89,51193,0
2021-04-16,90+,9074,0
2021-04-17,05-11,0,0
2021-04-17,12-19,277,0
2021-04-17,20-29,2070,0
2021-04-17,30-39,2612,0
2021-04-17,40-49,4218,0
2021-04-17,50-59,7305,0
2021-04-17,60-69,11003,0
2021-04-17,70-79,17032,0
2021-04-17,80-89,39388,0
2021-04-17,90+,6630,0
2021-04-18,05-11,0,0
2021-04-18,12-19,157,0
2021-04-18,20-29,1154,0
2021-04-18,30-39,1530,0
2021-04-18,40-49,2378,0
2021-04-18,50-59,4076,0
2021-04-18,60-69,6159,0
2021-04-18,70-79,11189,0
2021-04-18,80-89,28020,0
2021-04-18,90+,3996,0
2021-04-19,05-11,0,0
2021-04-19,12-19,255,0
2021-04-19,20-29,2108,0
2021-04-19,30-39,2622,0
2021-04-19,40-49,4228,0
2021-04-19,50-59,6777,0
2021-04-19,60-69,9989,0
2021-04-19,70-79,19428,0
2021-04-19,80-89,40804,0
2021-04-19,90+,7143,0
2021-04-20,05-11,0,0
2021-04-20,12-19,233,0
2021-04-20,20-29,1877,0
2021-04-20,30-39,2595,0
2021-04-20,40-49,4206,0
2021-04-20,50-59,7362,0
2021-04-20,60-69,11327,0
2021-04-20,70-79,21158,0
2021-04-20,80-89,46940,0
2021-04-20,90+,7983,0
2021-04-21,05-11,0,0
2021-04-21,12-19,238,0
2021-04-21,20-29,2134,0
2021-04-21,30-39,3014,0
2021-04-21,40-49,4937,0
2021-04-21,50-59,8455,0
2021-04-21,60-69,12824,0
2021-04-21,70-79,23714,0
2021-04-21,80-89,58563,0
2021-04-21,90+,11379,0
2021-04-22,05-11,0,0
2021-04-22,12-19,363,0
2021-04-22,20-29,2692,0
2021-04-22,30-39,3605,0
2021-04-22,40-49,5998,0
2021-04-22,50-59,10289,0
2021-04-22,60-69,16031,0
2021-04-22,70-79,29347,0
2021-04-22,80-89,65748,0
2021-04-22,90+,9335,0
2021-04-23,05-11,0,0
2021-04-23,12-19,460,0
2021-04-23,20-29,2959,0
2021-04-23,30-39,3822,0
2021-04-23,40-49,6243,0
2021-04-23,50-59,10437,0
2021-04-23,60-69,15976,0
2021-04-23,70-79,27951,0
2021-04-23,80-89,61530,0
2021-04-23,90+,9195,0
2021-04-24,05-11,0,0
2021-04-24,12-19,257,0
2021-04-24,20-29,2079,0
2021-04-24,30-39,2924,0
2021-04-24,40-49,4844,0
2021-04-24,50-59,8221,0
2021-04-24,60-69,14411,0
2021-04-24,70-79,24800,0
2021-04-24,80-89,58619,0
2021-04-24,90+,8170,0
2021-04-25,05-11,0,0
2021-04-25,12-19,114,0
2021-04-25,20-29,1115,0
2021-04-25,30-39,1464,0
2021-04-25,40-49,2440,0
2021-04-25,50-59,4130,0
2021-04-25,60-69,8350,0
2021-04-25,70-79,19951,0
2021-04-25,80-89,21155,0
2021-04-25,90+,2656,0
2021-04-26,05-11,0,0
2021-04-26,12-19,183,0
2021-04-26,20-29,1486,0
2021-04-26,30-39,2084,0
2021-04-26,40-49,3344,0
2021-04-26,50-59,5812,0
2021-04-26,60-69,12222,0
2021-04-26,70-79,26964,0
2021-04-26,80-89,39969,0
2021-04-26,90+,5724,0
2021-04-27,05-11,0,0
2021-04-27,12-19,314,0
2021-04-27,20-29,2410,0
2021-04-27,30-39,3411,0
2021-04-27,40-49,5527,0
2021-04-27,50-59,9071,0
2021-04-27,60-69,18870,0
2021-04-27,70-79,31595,0
2021-04-27,80-89,50022,0
2021-04-27,90+,7035,0
2021-04-28,05-11,0,0
2021-04-28,12-19,324,0
2021-04-28,20-29,2791,0
2021-04-28,30-39,3731,0
2021-04-28,40-49,6202,0
2021-04-28,50-59,10707,0
2021-04-28,60-69,19332,0
2021-04-28,70-79,35826,0
2021-04-28,80-89,68075,0
2021-04-28,90+,9234,0
2021-04-29,05-11,0,0
2021-04-29,12-19,493,0
2021-04-29,20-29,4475,0
2021-04-29,30-39,6123,0
2021-04-29,40-49,9800,0
2021-04-29,50-59,15364,0
2021-04-29,60-69,27726,0
2021-04-29,70-79,40599,0
2021-04-29,80-89,79827,0
2021-04-29,90+,10979,0
2021-04-30,05-11,0,0
2021-04-30,12-19,510,0
2021-04-30,20-29,5812,0
2021-04-30,30-39,7605,0
2021-04-30,40-49,11647,0
2021-04-30,50-59,19088,0
2021-04-30,60-69,31387,0
2021-04-30,70-79,51272,0
2021-04-30,80-89,76251,0
2021-04-30,90+,10808,0
2021-05-01,05-11,0,0
2021-05-01,12-19,489,0
2021-05-01,20-29,3579,0
2021-05-01,30-39,4792,0
2021-05-01,40-49,8449,0
2021-05-01,50-59,14988,0
2021-05-01,60-69,28101,0
2021-05-01,70-79,43465,0
2021-05-01,80-89,62647,0
2021-05-01,90+,7629,0
2021-05-02,05-11,0,0
2021-05-02,12-19,464,0
2021-05-02,20-29,3110,0
2021-05-02,30-39,4370,0
2021-05-02,40-49,6981,0
2021-05-02,50-59,12892,0
2021-05-02,60-69,21760,0
2021-05-02,70-79,36787,0
2021-05-02,80-89,44442,0
2021-05-02,90+,5074,0
2021-05-03,05-11,0,0
2021-05-03,12-19,541,0
2021-05-03,20-29,4143,0
2021-05-03,30-39,5414,0
2021-05-03,40-49,8827,0
2021-05-03,50-59,14087,0
2021-05-03,60-69,27707,0
2021-05-03,70-79,42952,0
2021-05-03,80-89,32014,0
2021-05-03,90+,6183,0
2021-05-04,05-11,0,0
2021-05-04,12-19,524,0
2021-05-04,20-29,4790,0
2021-05-04,30-39,6755,0
2021-05-04,40-49,11139,0
2021-05-04,50-59,17124,0
2021-05-04,60-69,27491,0
2021-05-04,70-79,46691,0
2021-05-04,80-89,36765,0
2021-05-04,90+,7275,0
2021-05-05,05-11,0,0
2021-05-05,12-19,559,0
2021-05-05,20-29,4438,0
2021-05-05,30-39,6676,0
2021-05-05,40-49,11858,0
2021-05-05,50-59,19366,0
2021-05-05,60-69,32269,0
2021-05-05,70-79,46031,0
2021-05-05,80-89,41012,0
2021-05-05,90+,8099,0
2021-05-06,05-11,0,0
2021-05-06,12-19,715,0
2021-05-06,20-29,6144,0
2021-05-06,30-39,9232,0
2021-05-06,40-49,14900,0
2021-05-06,50-59,23345,0
2021-05-06,60-69,37407,0
2021-05-06,70-79,52969,0
2021-05-06,80-89,43597,0
2021-05-06,90+,9338,0
2021-05-07,05-11,0,0
2021-05-07,12-19,780,0
2021-05-07,20-29,7573,0
2021-05-07,30-39,10146,0
2021-05-07,40-49,17260,0
2021-05-07,50-59,26195,0
2021-05-07,60-69,40839,0
2021-05-07,70-79,61984,0
2021-05-07,80-89,39770,0
2021-05-07,90+,9042,0
2021-05-08,05-11,0,0
2021-05-08,12-19,760,0
2021-05-08,20-29,6397,0
2021-05-08,30-39,9968,0
2021-05-08,40-49,17751,0
2021-05-08,50-59,28354,0
2021-05-08,60-69,45944,0
2021-05-08,70-79,55718,0
2021-05-08,80-89,37576,0
2021-05-08,90+,10760,0
2021-05-09,05-11,0,0
2021-05-09,12-19,609,0
2021-05-09,20-29,5112,0
2021-05-09,30-39,8555,0
2021-05-09,40-49,14309,0
2021-05-09,50-59,22249,0
2021-05-09,60-69,30058,0
2021-05-09,70-79,40086,0
2021-05-09,80-89,17735,0
2021-05-09,90+,4338,0
2021-05-10,05-11,0,0
2021-05-10,12-19,587,0
2021-05-10,20-29,5639,0
2021-05-10,30-39,8942,0
2021-05-10,40-49,15906,0
2021-05-10,50-59,24360,0
2021-05-10,60-69,32587,0
2021-05-10,70-79,50656,0
2021-05-10,80-89,20672,0
2021-05-10,90+,5579,0
2021-05-11,05-11,0,0
2021-05-11,12-19,544,0
2021-05-11,20-29,5847,0
2021-05-11,30-39,9074,0
2021-05-11,40-49,16183,0
2021-05-11,50-59,24318,0
2021-05-11,60-69,32634,0
2021-05-11,70-79,59161,0
2021-05-11,80-89,20960,0
2021-05-11,90+,6040,0
2021-05-12,05-11,0,0
2021-05-12,12-19,626,0
2021-05-12,20-29,5967,0
2021-05-12,30-39,8883,0
2021-05-12,40-49,15764,0
2021-05-12,50-59,25293,0
2021-05-12,60-69,34908,0
2021-05-12,70-79,54932,0
2021-05-12,80-89,25958,0
2021-05-12,90+,6588,0
2021-05-13,05-11,0,0
2021-05-13,12-19,743,0
2021-05-13,20-29,7078,0
2021-05-13,30-39,10285,0
2021-05-13,40-49,19480,0
2021-05-13,50-59,30126,0
2021-05-13,60-69,38202,0
2021-05-13,70-79,64602,0
2021-05-13,80-89,25409,0
2021-05-13,90+,7164,0
2021-05-14,05-11,0,0
2021-05-14,12-19,810,0
2021-05-14,20-29,7436,0
2021-05-14,30-39,11818,0
2021-05-14,40-49,23044,0
2021-05-14,50-59,35002,0
2021-05-14,60-69,46222,0
2021-05-14,70-79,67542,0
2021-05-14,80-89,23242,0
2021-05-14,90+,7552,0
2021-05-15,05-11,0,0
2021-05-15,12-19,840,0
2021-05-15,20-29,6650,0
2021-05-15,30-39,10906,0
2021-05-15,40-49,20210,0
2021-05-15,50-59,36236,0
2021-05-15,60-69,48953,0
2021-05-15,70-79,61312,0
2021-05-15,80-89,18967,0
2021-05-15,90+,6054,0
2021-05-16,05-11,0,0
2021-05-16,12-19,627,0
2021-05-16,20-29,4772,0
2021-05-16,30-39,7465,0
2021-05-16,40-49,14400,0
2021-05-16,50-59,28165,0
2021-05-16,60-69,42514,0
2021-05-16,70-79,48657,0
2021-05-16,80-89,9955,0
2021-05-16,90+,2595,0
2021-05-17,05-11,0,0
2021-05-17,12-19,909,0
2021-05-17,20-29,7662,0
2021-05-17,30-39,11451,0
2021-05-17,40-49,21182,0
2021-05-17,50-59,37360,0
2021-05-17,60-69,63687,0
2021-05-17,70-79,61077,0
2021-05-17,80-89,11555,0
2021-05-17,90+,4138,0
2021-05-18,05-11,0,0
2021-05-18,12-19,888,0
2021-05-18,20-29,8314,0
2021-05-18,30-39,12624,0
2021-05-18,40-49,22877,0
2021-05-18,50-59,39127,0
2021-05-18,60-69,55838,0
2021-05-18,70-79,55767,0
2021-05-18,80-89,12353,0
2021-05-18,90+,5016,0
2021-05-19,05-11,0,0
2021-05-19,12-19,862,0
2021-05-19,20-29,8209,0
2021-05-19,30-39,13209,0
2021-05-19,40-49,23336,0
2021-05-19,50-59,39792,0
2021-05-19,60-69,56123,0
2021-05-19,70-79,47731,0
2021-05-19,80-89,12175,0
2021-05-19,90+,5423,0
2021-05-20,05-11,0,0
2021-05-20,12-19,1278,0
2021-05-20,20-29,11051,0
2021-05-20,30-39,16366,0
2021-05-20,40-49,30024,0
2021-05-20,50-59,50308,0
2021-05-20,60-69,85202,0
2021-05-20,70-79,59240,0
2021-05-20,80-89,12385,0
2021-05-20,90+,4724,0
2021-05-21,05-11,0,0
2021-05-21,12-19,1313,0
2021-05-21,20-29,11823,0
2021-05-21,30-39,18090,0
2021-05-21,40-49,31286,0
2021-05-21,50-59,55194,0
2021-05-21,60-69,83388,0
2021-05-21,70-79,53655,0
2021-05-21,80-89,11632,0
2021-05-21,90+,4227,0
2021-05-22,05-11,0,0
2021-05-22,12-19,1522,0
2021-05-22,20-29,12136,0
2021-05-22,30-39,16949,0
2021-05-22,40-49,26916,0
2021-05-22,50-59,50034,0
2021-05-22,60-69,76253,0
2021-05-22,70-79,47829,0
2021-05-22,80-89,9970,0
2021-05-22,90+,3753,0
2021-05-23,05-11,0,0
2021-05-23,12-19,1557,0
2021-05-23,20-29,10589,0
2021-05-23,30-39,14372,0
2021-05-23,40-49,19946,0
2021-05-23,50-59,43569,0
2021-05-23,60-69,60339,0
2021-05-23,70-79,37433,0
2021-05-23,80-89,7279,0
2021-05-23,90+,2004,0
2021-05-24,05-11,0,0
2021-05-24,12-19,1175,0
2021-05-24,20-29,10139,0
2021-05-24,30-39,15142,0
2021-05-24,40-49,27632,0
2021-05-24,50-59,53028,0
2021-05-24,60-69,65328,0
2021-05-24,70-79,44707,0
2021-05-24,80-89,8222,0
2021-05-24,90+,2799,0
2021-05-25,05-11,0,0
2021-05-25,12-19,1212,0
2021-05-25,20-29,12267,0
2021-05-25,30-39,17217,0
2021-05-25,40-49,31455,0
2021-05-25,50-59,57494,0
2021-05-25,60-69,63727,0
2021-05-25,70-79,50353,0
2021-05-25,80-89,8567,0
2021-05-25,90+,3252,0
2021-05-26,05-11,0,0
2021-05-26,12-19,3309,0
2021-05-26,20-29,13951,0
2021-05-26,30-39,19051,0
2021-05-26,40-49,34462,0
2021-05-26,50-59,67457,0
2021-05-26,60-69,73258,0
2021-05-26,70-79,54254,0
2021-05-26,80-89,8464,0
2021-05-26,90+,3097,0
2021-05-27,05-11,0,0
2021-05-27,12-19,2724,0
2021-05-27,20-29,14330,0
2021-05-27,30-39,20099,0
2021-05-27,40-49,35908,0
2021-05-27,50-59,82044,0
2021-05-27,60-69,89379,0
2021-05-27,70-79,53357,0
2021-05-27,80-89,9359,0
2021-05-27,90+,3677,0
2021-05-28,05-11,0,0
2021-05-28,12-19,2427,0
2021-05-28,20-29,15681,0
2021-05-28,30-39,22278,0
2021-05-28,40-49,36782,0
2021-05-28,50-59,81248,0
2021-05-28,60-69,78649,0
2021-05-28,70-79,48919,0
2021-05-28,80-89,9611,0
2021-05-28,90+,3771,0
2021-05-29,05-11,0,0
2021-05-29,12-19,2123,0
2021-05-29,20-29,12244,0
2021-05-29,30-39,16482,0
2021-05-29,40-49,29556,0
2021-05-29,50-59,55677,0
2021-05-29,60-69,62490,0
2021-05-29,70-79,41888,0
2021-05-29,80-89,8161,0
2021-05-29,90+,2388,0
2021-05-30,05-11,0,0
2021-05-30,12-19,1702,0
2021-05-30,20-29,8039,0
2021-05-30,30-39,11033,0
2021-05-30,40-49,20192,0
2021-05-30,50-59,44290,0
2021-05-30,60-69,51861,0
2021-05-30,70-79,28143,0
2021-05-30,80-89,4388,0
2021-05-30,90+,1064,0
2021-05-31,05-11,0,0
2021-05-31,12-19,1732,0
2021-05-31,20-29,9994,0
2021-05-31,30-39,13674,0
2021-05-31,40-49,25186,0
2021-05-31,50-59,66620,0
2021-05-31,60-69,51919,0
2021-05-31,70-79,36525,0
2021-05-31,80-89,7858,0
2021-05-31,90+,2733,0
2021-06-01,05-11,0,0
2021-06-01,12-19,11903,0
2021-06-01,20-29,10450,0
2021-06-01,30-39,13010,0
2021-06-01,40-49,28885,0
2021-06-01,50-59,58730,0
2021-06-01,60-69,43931,0
2021-06-01,70-79,31379,0
2021-06-01,80-89,6683,0
2021-06-01,90+,2502,0
2021-06-02,05-11,0,0
2021-06-02,12-19,4732,0
2021-06-02,20-29,7750,0
2021-06-02,30-39,8220,0
2021-06-02,40-49,16279,0
2021-06-02,50-59,28794,0
2021-06-02,60-69,25312,0
2021-06-02,70-79,19820,0
2021-06-02,80-89,3709,0
2021-06-02,90+,1007,0
2021-06-03,05-11,0,0
2021-06-03,12-19,4312,0
2021-06-03,20-29,10357,0
2021-06-03,30-39,13050,0
2021-06-03,40-49,25389,0
2021-06-03,50-59,39029,0
2021-06-03,60-69,42984,0
2021-06-03,70-79,34756,0
2021-06-03,80-89,7296,0
2021-06-03,90+,2644,0
2021-06-04,05-11,0,0
2021-06-04,12-19,2892,0
2021-06-04,20-29,12047,0
2021-06-04,30-39,15883,0
2021-06-04,40-49,26166,0
2021-06-04,50-59,46047,0
2021-06-04,60-69,39594,0
2021-06-04,70-79,31889,0
2021-06-04,80-89,7493,0
2021-06-04,90+,2522,0
2021-06-05,05-11,0,0
2021-06-05,12-19,2196,0
2021-06-05,20-29,12610,0
2021-06-05,30-39,17036,0
2021-06-05,40-49,24001,0
2021-06-05,50-59,56210,0
2021-06-05,60-69,40894,0
2021-06-05,70-79,26666,0
2021-06-05,80-89,4592,0
2021-06-05,90+,1533,0
2021-06-06,05-11,0,0
2021-06-06,12-19,2234,0
2021-06-06,20-29,12674,0
2021-06-06,30-39,15769,0
2021-06-06,40-49,21602,0
2021-06-06,50-59,38478,0
2021-06-06,60-69,25767,0
2021-06-06,70-79,19626,0
2021-06-06,80-89,2562,0
2021-06-06,90+,680,0
2021-06-07,05-11,0,0
2021-06-07,12-19,1868,0
2021-06-07,20-29,11268,0
2021-06-07,30-39,14785,0
2021-06-07,40-49,24288,0
2021-06-07,50-59,40269,0
2021-06-07,60-69,32034,0
2021-06-07,70-79,30212,0
2021-06-07,80-89,5169,0
2021-06-07,90+,1659,0
2021-06-08,05-11,0,0
2021-06-08,12-19,1914,0
2021-06-08,20-29,13478,0
2021-06-08,30-39,17205,0
2021-06-08,40-49,25717,0
2021-06-08,50-59,38063,0
2021-06-08,60-69,34123,0
2021-06-08,70-79,32916,0
2021-06-08,80-89,5620,0
2021-06-08,90+,1753,0
2021-06-09,05-11,0,0
2021-06-09,12-19,2204,0
2021-06-09,20-29,12179,0
2021-06-09,30-39,16393,0
2021-06-09,40-49,26115,0
2021-06-09,50-59,37672,0
2021-06-09,60-69,33489,0
2021-06-09,70-79,36077,0
2021-06-09,80-89,5211,0
2021-06-09,90+,1748,0
2021-06-10,05-11,0,0
2021-06-10,12-19,1906,0
2021-06-10,20-29,12583,0
2021-06-10,30-39,16030,0
2021-06-10,40-49,24348,0
2021-06-10,50-59,37790,0
2021-06-10,60-69,37748,0
2021-06-10,70-79,36085,0
2021-06-10,80-89,5385,0
2021-06-10,90+,1782,0
2021-06-11,05-11,0,0
2021-06-11,12-19,1549,0
2021-06-11,20-29,9916,0
2021-06-11,30-39,14110,0
2021-06-11,40-49,24431,0
2021-06-11,50-59,39477,0
2021-06-11,60-69,38378,0
2021-06-11,70-79,34183,0
2021-06-11,80-89,5855,0
2021-06-11,90+,1688,0
2021-06-12,05-11,0,0
2021-06-12,12-19,1254,0
2021-06-12,20-29,6067,0
2021-06-12,30-39,8120,0
2021-06-12,40-49,14587,0
2021-06-12,50-59,28692,0
2021-06-12,60-69,34735,0
2021-06-12,70-79,29372,0
2021-06-12,80-89,4113,0
2021-06-12,90+,1043,0
2021-06-13,05-11,0,0
2021-06-13,12-19,1106,0
2021-06-13,20-29,4686,0
2021-06-13,30-39,6200,0
2021-06-13,40-49,10938,0
2021-06-13,50-59,21447,0
2021-06-13,60-69,23642,0
2021-06-13,70-79,19824,0
2021-06-13,80-89,2619,0
2021-06-13,90+,499,0
2021-06-14,05-11,0,0
2021-06-14,12-19,1659,0
2021-06-14,20-29,10731,0
2021-06-14,30-39,13222,0
2021-06-14,40-49,23414,0
2021-06-14,50-59,55412,0
2021-06-14,60-69,57779,0
2021-06-14,70-79,44230,0
2021-06-14,80-89,6390,0
2021-06-14,90+,1594,0
2021-06-15,05-11,0,0
2021-06-15,12-19,1555,0
2021-06-15,20-29,10554,0
2021-06-15,30-39,13474,0
2021-06-15,40-49,24250,0
2021-06-15,50-59,54649,0
2021-06-15,60-69,67384,0
2021-06-15,70-79,48516,0
2021-06-15,80-89,6145,0
2021-06-15,90+,1674,0
2021-06-16,05-11,0,0
2021-06-16,12-19,1757,0
2021-06-16,20-29,11847,0
2021-06-16,30-39,14647,0
2021-06-16,40-49,26426,0
2021-06-16,50-59,61553,0
2021-06-16,60-69,71292,0
2021-06-16,70-79,56391,0
2021-06-16,80-89,7174,0
2021-06-16,90+,1820,0
2021-06-17,05-11,0,0
2021-06-17,12-19,2086,0
2021-06-17,20-29,14380,0
2021-06-17,30-39,18699,0
2021-06-17,40-49,31421,0
2021-06-17,50-59,84538,0
2021-06-17,60-69,83633,0
2021-06-17,70-79,57583,0
2021-06-17,80-89,7143,0
2021-06-17,90+,2055,0
2021-06-18,05-11,0,0
2021-06-18,12-19,2472,0
2021-06-18,20-29,16761,0
2021-06-18,30-39,20668,0
2021-06-18,40-49,33301,0
2021-06-18,50-59,83779,0
2021-06-18,60-69,84319,0
2021-06-18,70-79,55041,0
2021-06-18,80-89,7732,0
2021-06-18,90+,1996,0
2021-06-19,05-11,0,0
2021-06-19,12-19,2526,0
2021-06-19,20-29,15227,0
2021-06-19,30-39,18106,0
2021-06-19,40-49,29860,0
2021-06-19,50-59,80571,0
2021-06-19,60-69,74147,0
2021-06-19,70-79,47440,0
2021-06-19,80-89,5798,0
2021-06-19,90+,1305,0
2021-06-20,05-11,0,0
2021-06-20,12-19,1967,0
2021-06-20,20-29,11876,0
2021-06-20,30-39,13314,0
2021-06-20,40-49,24840,0
2021-06-20,50-59,67421,0
2021-06-20,60-69,57561,0
2021-06-20,70-79,38810,0
2021-06-20,80-89,4139,0
2021-06-20,90+,683,0
2021-06-21,05-11,0,0
2021-06-21,12-19,1976,0
2021-06-21,20-29,14303,0
2021-06-21,30-39,17511,0
2021-06-21,40-49,30210,0
2021-06-21,50-59,88713,0
2021-06-21,60-69,65875,0
2021-06-21,70-79,60123,0
2021-06-21,80-89,7271,0
2021-06-21,90+,1974,0
2021-06-22,05-11,0,0
2021-06-22,12-19,2511,0
2021-06-22,20-29,16275,0
2021-06-22,30-39,17886,0
2021-06-22,40-49,35195,0
2021-06-22,50-59,95465,0
2021-06-22,60-69,60897,0
2021-06-22,70-79,58114,0
2021-06-22,80-89,7587,0
2021-06-22,90+,2139,0
2021-06-23,05-11,0,0
2021-06-23,12-19,2639,0
2021-06-23,20-29,14436,0
2021-06-23,30-39,18347,0
2021-06-23,40-49,35419,0
2021-06-23,50-59,97981,0
2021-06-23,60-69,65725,0
2021-06-23,70-79,60022,0
2021-06-23,80-89,6426,0
2021-06-23,90+,1654,0
2021-06-24,05-11,0,0
2021-06-24,12-19,3174,0
2021-06-24,20-29,15986,0
2021-06-24,30-39,19257,0
2021-06-24,40-49,48625,0
2021-06-24,50-59,113987,0
2021-06-24,60-69,66785,0
2021-06-24,70-79,56722,0
2021-06-24,80-89,6274,0
2021-06-24,90+,1679,0
2021-06-25,05-11,0,0
2021-06-25,12-19,3530,0
2021-06-25,20-29,16791,0
2021-06-25,30-39,20009,0
2021-06-25,40-49,47369,0
2021-06-25,50-59,112930,0
2021-06-25,60-69,70541,0
2021-06-25,70-79,68966,0
2021-06-25,80-89,6823,0
2021-06-25,90+,1664,0
2021-06-26,05-11,0,0
2021-06-26,12-19,3091,0
2021-06-26,20-29,13066,0
2021-06-26,30-39,15596,0
2021-06-26,40-49,41154,0
2021-06-26,50-59,100473,0
2021-06-26,60-69,61521,0
2021-06-26,70-79,59523,0
2021-06-26,80-89,4759,0
2021-06-26,90+,1035,0
2021-06-27,05-11,0,0
2021-06-27,12-19,2686,0
2021-06-27,20-29,9013,0
2021-06-27,30-39,11122,0
2021-06-27,40-49,32605,0
2021-06-27,50-59,77948,0
2021-06-27,60-69,44384,0
2021-06-27,70-79,47516,0
2021-06-27,80-89,3008,0
2021-06-27,90+,520,0
2021-06-28,05-11,0,0
2021-06-28,12-19,4252,0
2021-06-28,20-29,14593,0
2021-06-28,30-39,17875,0
2021-06-28,40-49,43800,0
2021-06-28,50-59,94900,0
2021-06-28,60-69,54076,0
2021-06-28,70-79,70556,0
2021-06-28,80-89,5465,0
2021-06-28,90+,1382,0
2021-06-29,05-11,0,0
2021-06-29,12-19,4515,0
2021-06-29,20-29,16010,0
2021-06-29,30-39,17473,0
2021-06-29,40-49,42781,0
2021-06-29,50-59,94498,0
2021-06-29,60-69,52173,0
2021-06-29,70-79,94339,0
2021-06-29,80-89,5656,0
2021-06-29,90+,1653,0
2021-06-30,05-11,0,0
2021-06-30,12-19,6212,0
2021-06-30,20-29,16931,0
2021-06-30,30-39,17197,0
2021-06-30,40-49,45488,0
2021-06-30,50-59,94478,0
2021-06-30,60-69,52328,0
2021-06-30,70-79,102248,0
2021-06-30,80-89,5671,0
2021-06-30,90+,1482,0
2021-07-01,05-11,0,0
2021-07-01,12-19,7109,0
2021-07-01,20-29,22651,0
2021-07-01,30-39,20232,0
2021-07-01,40-49,61120,0
2021-07-01,50-59,105968,0
2021-07-01,60-69,57365,0
2021-07-01,70-79,82092,0
2021-07-01,80-89,5006,0
2021-07-01,90+,1492,0
2021-07-02,05-11,0,0
2021-07-02,12-19,7322,0
2021-07-02,20-29,19536,0
2021-07-02,30-39,21249,0
2021-07-02,40-49,58458,0
2021-07-02,50-59,114288,0
2021-07-02,60-69,57928,0
2021-07-02,70-79,82778,0
2021-07-02,80-89,5434,0
2021-07-02,90+,1429,0
2021-07-03,05-11,0,0
2021-07-03,12-19,16716,0
2021-07-03,20-29,19343,0
2021-07-03,30-39,20762,0
2021-07-03,40-49,66555,0
2021-07-03,50-59,109800,0
2021-07-03,60-69,58105,0
2021-07-03,70-79,73832,0
2021-07-03,80-89,5374,0
2021-07-03,90+,809,0
2021-07-04,05-11,0,0
2021-07-04,12-19,14454,0
2021-07-04,20-29,10611,0
2021-07-04,30-39,12569,0
2021-07-04,40-49,52144,0
2021-07-04,50-59,86190,0
2021-07-04,60-69,49672,0
2021-07-04,70-79,54930,0
2021-07-04,80-89,2376,0
2021-07-04,90+,299,0
2021-07-05,05-11,0,0
2021-07-05,12-19,9248,0
2021-07-05,20-29,20570,0
2021-07-05,30-39,23931,0
2021-07-05,40-49,71318,0
2021-07-05,50-59,113625,0
2021-07-05,60-69,64252,0
2021-07-05,70-79,76531,0
2021-07-05,80-89,4091,0
2021-07-05,90+,898,0
2021-07-06,05-11,0,0
2021-07-06,12-19,23017,0
2021-07-06,20-29,20224,0
2021-07-06,30-39,22506,0
2021-07-06,40-49,66532,0
2021-07-06,50-59,115675,0
2021-07-06,60-69,58633,0
2021-07-06,70-79,74010,0
2021-07-06,80-89,3816,0
2021-07-06,90+,940,0
2021-07-07,05-11,0,0
2021-07-07,12-19,20064,0
2021-07-07,20-29,22343,0
2021-07-07,30-39,24687,0
2021-07-07,40-49,72343,0
2021-07-07,50-59,114747,0
2021-07-07,60-69,71201,0
2021-07-07,70-79,82287,0
2021-07-07,80-89,3507,0
2021-07-07,90+,879,0
2021-07-08,05-11,0,0
2021-07-08,12-19,17742,0
2021-07-08,20-29,28885,0
2021-07-08,30-39,32864,0
2021-07-08,40-49,97770,0
2021-07-08,50-59,153394,0
2021-07-08,60-69,68002,0
2021-07-08,70-79,75901,0
2021-07-08,80-89,4136,0
2021-07-08,90+,1134,0
2021-07-09,05-11,0,0
2021-07-09,12-19,14814,0
2021-07-09,20-29,33151,0
2021-07-09,30-39,42981,0
2021-07-09,40-49,101703,0
2021-07-09,50-59,149287,0
2021-07-09,60-69,71762,0
2021-07-09,70-79,79731,0
2021-07-09,80-89,4169,0
2021-07-09,90+,976,0
2021-07-10,05-11,0,0
2021-07-10,12-19,22722,0
2021-07-10,20-29,33990,0
2021-07-10,30-39,45009,0
2021-07-10,40-49,102247,0
2021-07-10,50-59,127509,0
2021-07-10,60-69,70654,0
2021-07-10,70-79,69095,0
2021-07-10,80-89,3345,0
2021-07-10,90+,698,0
2021-07-11,05-11,0,0
2021-07-11,12-19,19608,0
2021-07-11,20-29,27355,0
2021-07-11,30-39,36744,0
2021-07-11,40-49,83433,0
2021-07-11,50-59,99693,0
2021-07-11,60-69,49861,0
2021-07-11,70-79,38978,0
2021-07-11,80-89,1814,0
2021-07-11,90+,329,0
2021-07-12,05-11,0,0
2021-07-12,12-19,17775,0
2021-07-12,20-29,37973,0
2021-07-12,30-39,49903,0
2021-07-12,40-49,110940,0
2021-07-12,50-59,126591,0
2021-07-12,60-69,77248,0
2021-07-12,70-79,61827,0
2021-07-12,80-89,3084,0
2021-07-12,90+,670,0
2021-07-13,05-11,0,0
2021-07-13,12-19,17807,0
2021-07-13,20-29,39216,0
2021-07-13,30-39,57504,0
2021-07-13,40-49,117792,0
2021-07-13,50-59,128328,0
2021-07-13,60-69,75586,0
2021-07-13,70-79,51961,0
2021-07-13,80-89,3288,0
2021-07-13,90+,834,0
2021-07-14,05-11,0,0
2021-07-14,12-19,20957,0
2021-07-14,20-29,40967,0
2021-07-14,30-39,59884,0
2021-07-14,40-49,111585,0
2021-07-14,50-59,110389,0
2021-07-14,60-69,77542,0
2021-07-14,70-79,55296,0
2021-07-14,80-89,3137,0
2021-07-14,90+,847,0
2021-07-15,05-11,0,0
2021-07-15,12-19,25507,0
2021-07-15,20-29,54295,0
2021-07-15,30-39,70596,0
2021-07-15,40-49,131294,0
2021-07-15,50-59,109682,0
2021-07-15,60-69,72069,0
2021-07-15,70-79,55945,0
2021-07-15,80-89,3375,0
2021-07-15,90+,959,0
2021-07-16,05-11,0,0
2021-07-16,12-19,25368,0
2021-07-16,20-29,53638,0
2021-07-16,30-39,71278,0
2021-07-16,40-49,135641,0
2021-07-16,50-59,100286,0
2021-07-16,60-69,72494,0
2021-07-16,70-79,47621,0
2021-07-16,80-89,2825,0
2021-07-16,90+,776,0
2021-07-17,05-11,0,0
2021-07-17,12-19,22705,0
2021-07-17,20-29,49075,0
2021-07-17,30-39,67582,0
2021-07-17,40-49,126881,0
2021-07-17,50-59,92312,0
2021-07-17,60-69,64251,0
2021-07-17,70-79,38998,0
2021-07-17,80-89,2288,0
2021-07-17,90+,440,0
2021-07-18,05-11,0,0
2021-07-18,12-19,19855,0
2021-07-18,20-29,36633,0
2021-07-18,30-39,57390,0
2021-07-18,40-49,103358,0
2021-07-18,50-59,66287,0
2021-07-18,60-69,51718,0
2021-07-18,70-79,28126,0
2021-07-18,80-89,1276,0
2021-07-18,90+,198,0
2021-07-19,05-11,0,0
2021-07-19,12-19,24971,0
2021-07-19,20-29,51417,0
2021-07-19,30-39,65966,0
2021-07-19,40-49,126272,0
2021-07-19,50-59,74550,0
2021-07-19,60-69,75803,0
2021-07-19,70-79,41635,0
2021-07-19,80-89,2244,0
2021-07-19,90+,578,0
2021-07-20,05-11,0,0
2021-07-20,12-19,23559,0
2021-07-20,20-29,51937,0
2021-07-20,30-39,66214,0
2021-07-20,40-49,123804,0
2021-07-20,50-59,69806,0
2021-07-20,60-69,74690,0
2021-07-20,70-79,45413,0
2021-07-20,80-89,2302,0
2021-07-20,90+,557,0
2021-07-21,05-11,0,0
2021-07-21,12-19,25366,0
2021-07-21,20-29,54614,0
2021-07-21,30-39,70185,0
2021-07-21,40-49,111257,0
2021-07-21,50-59,66377,0
2021-07-21,60-69,85059,0
2021-07-21,70-79,46920,0
2021-07-21,80-89,2467,0
2021-07-21,90+,640,0
2021-07-22,05-11,0,0
2021-07-22,12-19,29044,0
2021-07-22,20-29,61065,0
2021-07-22,30-39,79675,0
2021-07-22,40-49,105324,0
2021-07-22,50-59,65847,0
2021-07-22,60-69,77092,0
2021-07-22,70-79,53340,0
2021-07-22,80-89,3212,0
2021-07-22,90+,795,0
2021-07-23,05-11,0,0
2021-07-23,12-19,26208,0
2021-07-23,20-29,62430,0
2021-07-23,30-39,69255,0
2021-07-23,40-49,94693,0
2021-07-23,50-59,58839,0
2021-07-23,60-69,79277,0
2021-07-23,70-79,47284,0
2021-07-23,80-89,2699,0
2021-07-23,90+,648,0
2021-07-24,05-11,0,0
2021-07-24,12-19,21069,0
2021-07-24,20-29,49689,0
2021-07-24,30-39,61535,0
2021-07-24,40-49,92263,0
2021-07-24,50-59,58605,0
2021-07-24,60-69,65052,0
2021-07-24,70-79,35621,0
2021-07-24,80-89,1925,0
2021-07-24,90+,379,0
2021-07-25,05-11,0,0
2021-07-25,12-19,17776,0
2021-07-25,20-29,39773,0
2021-07-25,30-39,49647,0
2021-07-25,40-49,68699,0
2021-07-25,50-59,42403,0
2021-07-25,60-69,45527,0
2021-07-25,70-79,22358,0
2021-07-25,80-89,1182,0
2021-07-25,90+,178,0
2021-07-26,05-11,0,0
2021-07-26,12-19,28095,0
2021-07-26,20-29,66901,0
2021-07-26,30-39,80548,0
2021-07-26,40-49,100109,0
2021-07-26,50-59,51653,0
2021-07-26,60-69,73627,0
2021-07-26,70-79,27796,0
2021-07-26,80-89,1747,0
2021-07-26,90+,426,0
2021-07-27,05-11,0,0
2021-07-27,12-19,31908,0
2021-07-27,20-29,83386,0
2021-07-27,30-39,80575,0
2021-07-27,40-49,97389,0
2021-07-27,50-59,52393,0
2021-07-27,60-69,68818,0
2021-07-27,70-79,23295,0
2021-07-27,80-89,1900,0
2021-07-27,90+,505,0
2021-07-28,05-11,0,0
2021-07-28,12-19,28403,0
2021-07-28,20-29,75889,0
2021-07-28,30-39,80962,0
2021-07-28,40-49,69873,0
2021-07-28,50-59,48260,0
2021-07-28,60-69,61165,0
2021-07-28,70-79,24040,0
2021-07-28,80-89,1877,0
2021-07-28,90+,519,0
2021-07-29,05-11,0,0
2021-07-29,12-19,28596,0
2021-07-29,20-29,77836,0
2021-07-29,30-39,80234,0
2021-07-29,40-49,64220,0
2021-07-29,50-59,44797,0
2021-07-29,60-69,52286,0
2021-07-29,70-79,21631,0
2021-07-29,80-89,1940,0
2021-07-29,90+,508,0
2021-07-30,05-11,0,0
2021-07-30,12-19,26836,0
2021-07-30,20-29,73053,0
2021-07-30,30-39,72992,0
2021-07-30,40-49,59572,0
2021-07-30,50-59,43140,0
2021-07-30,60-69,47678,0
2021-07-30,70-79,15950,0
2021-07-30,80-89,1764,0
2021-07-30,90+,505,0
2021-07-31,05-11,0,0
2021-07-31,12-19,23555,0
2021-07-31,20-29,60748,0
2021-07-31,30-39,61928,0
2021-07-31,40-49,52857,0
2021-07-31,50-59,39271,0
2021-07-31,60-69,36824,0
2021-07-31,70-79,10371,0
2021-07-31,80-89,1162,0
2021-07-31,90+,269,0
2021-08-01,05-11,0,0
2021-08-01,12-19,16627,0
2021-08-01,20-29,37622,0
2021-08-01,30-39,45196,0
2021-08-01,40-49,35033,0
2021-08-01,50-59,26101,0
2021-08-01,60-69,23560,0
2021-08-01,70-79,5982,0
2021-08-01,80-89,573,0
2021-08-01,90+,128,0
2021-08-02,05-11,0,0
2021-08-02,12-19,35425,0
2021-08-02,20-29,69751,0
2021-08-02,30-39,80104,0
2021-08-02,40-49,56700,0
2021-08-02,50-59,37995,0
2021-08-02,60-69,40266,0
2021-08-02,70-79,12036,0
2021-08-02,80-89,1184,0
2021-08-02,90+,297,0
2021-08-03,05-11,0,0
2021-08-03,12-19,33745,0
2021-08-03,20-29,71360,0
2021-08-03,30-39,78344,0
2021-08-03,40-49,57529,0
2021-08-03,50-59,37063,0
2021-08-03,60-69,32977,0
2021-08-03,70-79,10402,0
2021-08-03,80-89,1356,0
2021-08-03,90+,353,0
2021-08-04,05-11,0,0
2021-08-04,12-19,32065,0
2021-08-04,20-29,82467,0
2021-08-04,30-39,62099,0
2021-08-04,40-49,52531,0
2021-08-04,50-59,34459,0
2021-08-04,60-69,34634,0
2021-08-04,70-79,10887,0
2021-08-04,80-89,1348,0
2021-08-04,90+,348,0
2021-08-05,05-11,0,0
2021-08-05,12-19,36106,0
2021-08-05,20-29,68535,0
2021-08-05,30-39,64118,0
2021-08-05,40-49,49906,0
2021-08-05,50-59,31263,0
2021-08-05,60-69,29890,0
2021-08-05,70-79,10763,0
2021-08-05,80-89,1428,0
2021-08-05,90+,419,0
2021-08-06,05-11,0,0
2021-08-06,12-19,33144,0
2021-08-06,20-29,59964,0
2021-08-06,30-39,53870,0
2021-08-06,40-49,43133,0
2021-08-06,50-59,27479,0
2021-08-06,60-69,31426,0
2021-08-06,70-79,9310,0
2021-08-06,80-89,1266,0
2021-08-06,90+,324,0
2021-08-07,05-11,0,0
2021-08-07,12-19,25660,0
2021-08-07,20-29,44956,0
2021-08-07,30-39,40781,0
2021-08-07,40-49,32817,0
2021-08-07,50-59,24062,0
2021-08-07,60-69,23826,0
2021-08-07,70-79,5798,0
2021-08-07,80-89,800,0
2021-08-07,90+,148,0
2021-08-08,05-11,0,0
2021-08-08,12-19,22756,0
2021-08-08,20-29,42273,0
2021-08-08,30-39,31815,0
2021-08-08,40-49,21518,0
2021-08-08,50-59,16172,0
2021-08-08,60-69,14888,0
2021-08-08,70-79,3073,0
2021-08-08,80-89,483,0
2021-08-08,90+,84,0
2021-08-09,05-11,0,0
2021-08-09,12-19,34629,0
2021-08-09,20-29,64280,0
2021-08-09,30-39,46353,0
2021-08-09,40-49,32512,0
2021-08-09,50-59,25946,0
2021-08-09,60-69,21278,0
2021-08-09,70-79,7633,0
2021-08-09,80-89,1234,0
2021-08-09,90+,291,0
2021-08-10,05-11,0,0
2021-08-10,12-19,30118,0
2021-08-10,20-29,52530,0
2021-08-10,30-39,40511,0
2021-08-10,40-49,29111,0
2021-08-10,50-59,24496,0
2021-08-10,60-69,20169,0
2021-08-10,70-79,6526,0
2021-08-10,80-89,1337,0
2021-08-10,90+,284,0
2021-08-11,05-11,0,0
2021-08-11,12-19,28263,0
2021-08-11,20-29,50353,0
2021-08-11,30-39,37163,0
2021-08-11,40-49,27762,0
2021-08-11,50-59,23252,0
2021-08-11,60-69,18216,0
2021-08-11,70-79,7030,0
2021-08-11,80-89,1243,0
2021-08-11,90+,278,0
2021-08-12,05-11,0,0
2021-08-12,12-19,24645,0
2021-08-12,20-29,42635,0
2021-08-12,30-39,30609,0
2021-08-12,40-49,23419,0
2021-08-12,50-59,21716,0
2021-08-12,60-69,17016,0
2021-08-12,70-79,6094,0
2021-08-12,80-89,1304,0
2021-08-12,90+,326,0
2021-08-13,05-11,0,0
2021-08-13,12-19,25390,0
2021-08-13,20-29,35271,0
2021-08-13,30-39,26448,0
2021-08-13,40-49,21824,0
2021-08-13,50-59,20363,0
2021-08-13,60-69,13069,0
2021-08-13,70-79,4587,0
2021-08-13,80-89,1127,0
2021-08-13,90+,278,0
2021-08-14,05-11,0,0
2021-08-14,12-19,8929,0
2021-08-14,20-29,13972,0
2021-08-14,30-39,13663,0
2021-08-14,40-49,10600,0
2021-08-14,50-59,11479,0
2021-08-14,60-69,5158,0
2021-08-14,70-79,1799,0
2021-08-14,80-89,307,0
2021-08-14,90+,53,0
2021-08-15,05-11,0,0
2021-08-15,12-19,2602,0
2021-08-15,20-29,4593,0
2021-08-15,30-39,5930,0
2021-08-15,40-49,5359,0
2021-08-15,50-59,4834,0
2021-08-15,60-69,2324,0
2021-08-15,70-79,551,0
2021-08-15,80-89,84,0
2021-08-15,90+,13,0
2021-08-16,05-11,0,0
2021-08-16,12-19,17572,0
2021-08-16,20-29,26589,0
2021-08-16,30-39,20274,0
2021-08-16,40-49,20520,0
2021-08-16,50-59,12281,0
2021-08-16,60-69,12652,0
2021-08-16,70-79,3713,0
2021-08-16,80-89,819,0
2021-08-16,90+,146,0
2021-08-17,05-11,0,0
2021-08-17,12-19,18017,0
2021-08-17,20-29,31745,0
2021-08-17,30-39,24706,0
2021-08-17,40-49,23175,0
2021-08-17,50-59,12627,0
2021-08-17,60-69,13895,0
2021-08-17,70-79,3852,0
2021-08-17,80-89,877,0
2021-08-17,90+,184,0
2021-08-18,05-11,0,0
2021-08-18,12-19,18340,0
2021-08-18,20-29,30259,0
2021-08-18,30-39,23259,0
2021-08-18,40-49,24340,0
2021-08-18,50-59,13557,0
2021-08-18,60-69,12870,0
2021-08-18,70-79,4714,0
2021-08-18,80-89,1053,0
2021-08-18,90+,261,0
2021-08-19,05-11,0,0
2021-08-19,12-19,18205,0
2021-08-19,20-29,28923,0
2021-08-19,30-39,23961,0
2021-08-19,40-49,21594,0
2021-08-19,50-59,11951,0
2021-08-19,60-69,13682,0
2021-08-19,70-79,5021,0
2021-08-19,80-89,1067,0
2021-08-19,90+,250,0
2021-08-20,05-11,0,0
2021-08-20,12-19,16878,0
2021-08-20,20-29,30872,0
2021-08-20,30-39,25037,0
2021-08-20,40-49,22081,0
2021-08-20,50-59,12610,0
2021-08-20,60-69,10912,0
2021-08-20,70-79,4111,0
2021-08-20,80-89,927,0
2021-08-20,90+,223,0
2021-08-21,05-11,0,0
2021-08-21,12-19,10444,0
2021-08-21,20-29,20359,0
2021-08-21,30-39,16473,0
2021-08-21,40-49,16597,0
2021-08-21,50-59,8836,0
2021-08-21,60-69,7270,0
2021-08-21,70-79,2363,0
2021-08-21,80-89,539,0
2021-08-21,90+,125,0
2021-08-22,05-11,0,0
2021-08-22,12-19,8350,0
2021-08-22,20-29,17177,0
2021-08-22,30-39,14056,0
2021-08-22,40-49,14919,0
2021-08-22,50-59,7403,0
2021-08-22,60-69,4531,0
2021-08-22,70-79,1304,0
2021-08-22,80-89,296,0
2021-08-22,90+,40,0
2021-08-23,05-11,0,0
2021-08-23,12-19,28344,0
2021-08-23,20-29,45283,0
2021-08-23,30-39,32806,0
2021-08-23,40-49,28096,0
2021-08-23,50-59,22842,0
2021-08-23,60-69,12687,0
2021-08-23,70-79,5170,0
2021-08-23,80-89,1182,0
2021-08-23,90+,243,0
2021-08-24,05-11,0,0
2021-08-24,12-19,26380,0
2021-08-24,20-29,39368,0
2021-08-24,30-39,29646,0
2021-08-24,40-49,26448,0
2021-08-24,50-59,18854,0
2021-08-24,60-69,10073,0
2021-08-24,70-79,4645,0
2021-08-24,80-89,1228,0
2021-08-24,90+,267,0
2021-08-25,05-11,0,0
2021-08-25,12-19,32196,0
2021-08-25,20-29,44633,0
2021-08-25,30-39,34806,0
2021-08-25,40-49,29002,0
2021-08-25,50-59,19700,0
2021-08-25,60-69,10283,0
2021-08-25,70-79,4734,0
2021-08-25,80-89,1365,0
2021-08-25,90+,273,0
2021-08-26,05-11,0,0
2021-08-26,12-19,33869,0
2021-08-26,20-29,43238,0
2021-08-26,30-39,33945,0
2021-08-26,40-49,27239,0
2021-08-26,50-59,17858,0
2021-08-26,60-69,9915,0
2021-08-26,70-79,4563,0
2021-08-26,80-89,1355,0
2021-08-26,90+,291,0
2021-08-27,05-11,0,0
2021-08-27,12-19,35139,0
2021-08-27,20-29,48281,0
2021-08-27,30-39,37322,0
2021-08-27,40-49,29968,0
2021-08-27,50-59,18903,0
2021-08-27,60-69,10118,0
2021-08-27,70-79,4499,0
2021-08-27,80-89,1282,0
2021-08-27,90+,253,0
2021-08-28,05-11,0,0
2021-08-28,12-19,26814,0
2021-08-28,20-29,33420,0
2021-08-28,30-39,28646,0
2021-08-28,40-49,24667,0
2021-08-28,50-59,15384,0
2021-08-28,60-69,7084,0
2021-08-28,70-79,3069,0
2021-08-28,80-89,856,0
2021-08-28,90+,111,0
2021-08-29,05-11,0,0
2021-08-29,12-19,20525,0
2021-08-29,20-29,22633,0
2021-08-29,30-39,20909,0
2021-08-29,40-49,18393,0
2021-08-29,50-59,10197,0
2021-08-29,60-69,4125,0
2021-08-29,70-79,1519,0
2021-08-29,80-89,531,0
2021-08-29,90+,88,0
2021-08-30,05-11,0,0
2021-08-30,12-19,44868,0
2021-08-30,20-29,51589,0
2021-08-30,30-39,41598,0
2021-08-30,40-49,33350,0
2021-08-30,50-59,20520,0
2021-08-30,60-69,11054,0
2021-08-30,70-79,4957,0
2021-08-30,80-89,1370,0
2021-08-30,90+,236,0
2021-08-31,05-11,0,0
2021-08-31,12-19,40464,0
2021-08-31,20-29,50031,0
2021-08-31,30-39,37717,0
2021-08-31,40-49,30451,0
2021-08-31,50-59,19371,0
2021-08-31,60-69,9883,0
2021-08-31,70-79,4927,0
2021-08-31,80-89,1468,0
2021-08-31,90+,312,0
2021-09-01,05-11,0,0
2021-09-01,12-19,41685,0
2021-09-01,20-29,48792,0
2021-09-01,30-39,36102,0
2021-09-01,40-49,29947,0
2021-09-01,50-59,18803,0
2021-09-01,60-69,10196,0
2021-09-01,70-79,4933,0
2021-09-01,80-89,1394,0
2021-09-01,90+,277,0
2021-09-02,05-11,0,0
2021-09-02,12-19,41279,0
2021-09-02,20-29,48089,0
2021-09-02,30-39,37133,0
2021-09-02,40-49,28182,0
2021-09-02,50-59,18972,0
2021-09-02,60-69,9825,0
2021-09-02,70-79,4592,0
2021-09-02,80-89,1426,0
2021-09-02,90+,326,0
2021-09-03,05-11,0,0
2021-09-03,12-19,41592,0
2021-09-03,20-29,47872,0
2021-09-03,30-39,37571,0
2021-09-03,40-49,29176,0
2021-09-03,50-59,19607,0
2021-09-03,60-69,9377,0
2021-09-03,70-79,4400,0
2021-09-03,80-89,1313,0
2021-09-03,90+,277,0
2021-09-04,05-11,0,0
2021-09-04,12-19,28182,0
2021-09-04,20-29,30575,0
2021-09-04,30-39,26421,0
2021-09-04,40-49,22798,0
2021-09-04,50-59,13730,0
2021-09-04,60-69,6079,0
2021-09-04,70-79,2700,0
2021-09-04,80-89,765,0
2021-09-04,90+,120,0
2021-09-05,05-11,0,0
2021-09-05,12-19,18783,0
2021-09-05,20-29,21219,0
2021-09-05,30-39,18334,0
2021-09-05,40-49,15404,0
2021-09-05,50-59,8977,0
2021-09-05,60-69,3257,0
2021-09-05,70-79,1407,0
2021-09-05,80-89,435,0
2021-09-05,90+,44,0
2021-09-06,05-11,0,0
2021-09-06,12-19,48116,0
2021-09-06,20-29,44942,0
2021-09-06,30-39,37383,0
2021-09-06,40-49,30931,0
2021-09-06,50-59,18677,0
2021-09-06,60-69,8202,0
2021-09-06,70-79,3871,0
2021-09-06,80-89,1206,0
2021-09-06,90+,231,0
2021-09-07,05-11,0,0
2021-09-07,12-19,50592,0
2021-09-07,20-29,45801,0
2021-09-07,30-39,36585,0
2021-09-07,40-49,30097,0
2021-09-07,50-59,19087,0
2021-09-07,60-69,8145,0
2021-09-07,70-79,3954,0
2021-09-07,80-89,1264,0
2021-09-07,90+,242,0
2021-09-08,05-11,0,0
2021-09-08,12-19,48525,0
2021-09-08,20-29,43405,0
2021-09-08,30-39,35029,0
2021-09-08,40-49,28953,0
2021-09-08,50-59,18426,0
2021-09-08,60-69,8040,0
2021-09-08,70-79,3871,0
2021-09-08,80-89,1225,0
2021-09-08,90+,273,0
2021-09-09,05-11,0,0
2021-09-09,12-19,51962,0
2021-09-09,20-29,45469,0
2021-09-09,30-39,37050,0
2021-09-09,40-49,31978,0
2021-09-09,50-59,20700,0
2021-09-09,60-69,8444,0
2021-09-09,70-79,4061,0
2021-09-09,80-89,1370,0
2021-09-09,90+,285,0
2021-09-10,05-11,0,0
2021-09-10,12-19,51910,0
2021-09-10,20-29,42209,0
2021-09-10,30-39,36001,0
2021-09-10,40-49,32166,0
2021-09-10,50-59,21389,0
2021-09-10,60-69,8686,0
2021-09-10,70-79,4072,0
2021-09-10,80-89,1259,0
2021-09-10,90+,255,0
2021-09-11,05-11,0,0
2021-09-11,12-19,35294,0
2021-09-11,20-29,29171,0
2021-09-11,30-39,26157,0
2021-09-11,40-49,25462,0
2021-09-11,50-59,15885,0
2021-09-11,60-69,5825,0
2021-09-11,70-79,2491,0
2021-09-11,80-89,746,0
2021-09-11,90+,120,0
2021-09-12,05-11,0,0
2021-09-12,12-19,22022,0
2021-09-12,20-29,18924,0
2021-09-12,30-39,16592,0
2021-09-12,40-49,16395,0
2021-09-12,50-59,10133,0
2021-09-12,60-69,3431,0
2021-09-12,70-79,1478,0
2021-09-12,80-89,439,0
2021-09-12,90+,62,0
2021-09-13,05-11,0,0
2021-09-13,12-19,53843,25
2021-09-13,20-29,41773,57
2021-09-13,30-39,34100,41
2021-09-13,40-49,27398,41
2021-09-13,50-59,19930,61
2021-09-13,60-69,8523,36
2021-09-13,70-79,3996,33
2021-09-13,80-89,1235,36
2021-09-13,90+,247,10
2021-09-14,05-11,0,0
2021-09-14,12-19,48876,47
2021-09-14,20-29,37651,51
2021-09-14,30-39,32069,53
2021-09-14,40-49,25617,57
2021-09-14,50-59,18957,61
2021-09-14,60-69,8398,51
2021-09-14,70-79,3968,44
2021-09-14,80-89,1434,51
2021-09-14,90+,316,7
2021-09-15,05-11,0,0
2021-09-15,12-19,42406,29
2021-09-15,20-29,34431,48
2021-09-15,30-39,29824,62
2021-09-15,40-49,24668,63
2021-09-15,50-59,17956,71
2021-09-15,60-69,8117,56
2021-09-15,70-79,3967,52
2021-09-15,80-89,1345,54
2021-09-15,90+,278,19
2021-09-16,05-11,0,0
2021-09-16,12-19,42151,33
2021-09-16,20-29,32991,62
2021-09-16,30-39,28928,82
2021-09-16,40-49,24376,113
2021-09-16,50-59,18135,172
2021-09-16,60-69,7987,132
2021-09-16,70-79,3948,102
2021-09-16,80-89,1189,80
2021-09-16,90+,271,9
2021-09-17,05-11,0,0
2021-09-17,12-19,40105,35
2021-09-17,20-29,29526,60
2021-09-17,30-39,27301,60
2021-09-17,40-49,23567,132
2021-09-17,50-59,17304,198
2021-09-17,60-69,7407,208
2021-09-17,70-79,3421,203
2021-09-17,80-89,1176,98
2021-09-17,90+,229,10
2021-09-18,05-11,0,0
2021-09-18,12-19,35303,40
2021-09-18,20-29,23073,43
2021-09-18,30-39,22603,54
2021-09-18,40-49,21570,80
2021-09-18,50-59,15966,144
2021-09-18,60-69,5889,117
2021-09-18,70-79,2466,105
2021-09-18,80-89,811,67
2021-09-18,90+,137,6
2021-09-19,05-11,0,0
2021-09-19,12-19,23692,19
2021-09-19,20-29,16075,29
2021-09-19,30-39,14770,30
2021-09-19,40-49,12674,52
2021-09-19,50-59,8807,95
2021-09-19,60-69,3194,72
2021-09-19,70-79,1314,95
2021-09-19,80-89,380,44
2021-09-19,90+,64,4
2021-09-20,05-11,0,0
2021-09-20,12-19,45915,63
2021-09-20,20-29,35849,166
2021-09-20,30-39,33152,345
2021-09-20,40-49,28667,869
2021-09-20,50-59,21192,1771
2021-09-20,60-69,9169,2291
2021-09-20,70-79,4288,2497
2021-09-20,80-89,1332,883
2021-09-20,90+,233,68
2021-09-21,05-11,0,0
2021-09-21,12-19,46121,47
2021-09-21,20-29,32024,162
2021-09-21,30-39,29195,313
2021-09-21,40-49,25557,737
2021-09-21,50-59,19148,1597
2021-09-21,60-69,8660,2206
2021-09-21,70-79,4041,2525
2021-09-21,80-89,1264,1034
2021-09-21,90+,273,104
2021-09-22,05-11,0,0
2021-09-22,12-19,44149,56
2021-09-22,20-29,29600,180
2021-09-22,30-39,27377,320
2021-09-22,40-49,24674,840
2021-09-22,50-59,18436,1813
2021-09-22,60-69,8723,2512
2021-09-22,70-79,4150,2703
2021-09-22,80-89,1325,854
2021-09-22,90+,287,85
2021-09-23,05-11,0,0
2021-09-23,12-19,38388,60
2021-09-23,20-29,25407,190
2021-09-23,30-39,23589,303
2021-09-23,40-49,21502,747
2021-09-23,50-59,16412,1660
2021-09-23,60-69,7344,2303
2021-09-23,70-79,3520,2832
2021-09-23,80-89,1228,1035
2021-09-23,90+,270,108
2021-09-24,05-11,0,0
2021-09-24,12-19,39413,67
2021-09-24,20-29,24220,190
2021-09-24,30-39,24464,340
2021-09-24,40-49,22276,757
2021-09-24,50-59,17080,1657
2021-09-24,60-69,7542,2279
2021-09-24,70-79,3663,2489
2021-09-24,80-89,1232,934
2021-09-24,90+,265,140
2021-09-25,05-11,0,0
2021-09-25,12-19,35373,64
2021-09-25,20-29,19356,123
2021-09-25,30-39,21195,228
2021-09-25,40-49,19731,584
2021-09-25,50-59,14717,1076
2021-09-25,60-69,5575,1464
2021-09-25,70-79,2377,1540
2021-09-25,80-89,835,447
2021-09-25,90+,131,31
2021-09-26,05-11,0,0
2021-09-26,12-19,22204,23
2021-09-26,20-29,12007,67
2021-09-26,30-39,12837,141
2021-09-26,40-49,11659,349
2021-09-26,50-59,8323,786
2021-09-26,60-69,3100,1125
2021-09-26,70-79,1206,1294
2021-09-26,80-89,362,449
2021-09-26,90+,64,59
2021-09-27,05-11,0,0
2021-09-27,12-19,39370,50
2021-09-27,20-29,23727,200
2021-09-27,30-39,23923,367
2021-09-27,40-49,21070,917
2021-09-27,50-59,15422,1789
2021-09-27,60-69,7131,2537
2021-09-27,70-79,3428,2732
2021-09-27,80-89,1093,1195
2021-09-27,90+,192,185
2021-09-28,05-11,0,0
2021-09-28,12-19,33696,59
2021-09-28,20-29,20383,219
2021-09-28,30-39,19985,425
2021-09-28,40-49,18260,1002
2021-09-28,50-59,13682,1929
2021-09-28,60-69,6493,2689
2021-09-28,70-79,3271,3028
2021-09-28,80-89,1133,1701
2021-09-28,90+,234,250
2021-09-29,05-11,0,0
2021-09-29,12-19,31395,52
2021-09-29,20-29,19223,245
2021-09-29,30-39,19016,422
2021-09-29,40-49,17539,1028
2021-09-29,50-59,13241,1979
2021-09-29,60-69,6600,2929
2021-09-29,70-79,3466,3150
2021-09-29,80-89,1213,1665
2021-09-29,90+,270,289
2021-09-30,05-11,0,0
2021-09-30,12-19,29908,69
2021-09-30,20-29,19002,211
2021-09-30,30-39,18838,415
2021-09-30,40-49,17300,983
2021-09-30,50-59,13262,1848
2021-09-30,60-69,6671,2556
2021-09-30,70-79,3430,2800
2021-09-30,80-89,1188,5518
2021-09-30,90+,295,443
2021-10-01,05-11,0,0
2021-10-01,12-19,26266,42
2021-10-01,20-29,15498,241
2021-10-01,30-39,16471,443
2021-10-01,40-49,15097,1013
2021-10-01,50-59,11712,2002
2021-10-01,60-69,5622,2678
2021-10-01,70-79,2803,2868
2021-10-01,80-89,970,7831
2021-10-01,90+,196,1907
2021-10-02,05-11,0,0
2021-10-02,12-19,22909,47
2021-10-02,20-29,11927,168
2021-10-02,30-39,13988,294
2021-10-02,40-49,13323,647
2021-10-02,50-59,9431,1254
2021-10-02,60-69,3988,1558
2021-10-02,70-79,1843,1636
2021-10-02,80-89,667,7336
2021-10-02,90+,117,1045
2021-10-03,05-11,0,0
2021-10-03,12-19,13370,21
2021-10-03,20-29,7763,94
2021-10-03,30-39,9030,217
2021-10-03,40-49,8155,462
2021-10-03,50-59,5755,889
2021-10-03,60-69,2200,1200
2021-10-03,70-79,932,1160
2021-10-03,80-89,275,3141
2021-10-03,90+,43,443
2021-10-04,05-11,0,0
2021-10-04,12-19,21199,58
2021-10-04,20-29,15934,402
2021-10-04,30-39,16952,1001
2021-10-04,40-49,14480,2068
2021-10-04,50-59,10682,3374
2021-10-04,60-69,5238,4646
2021-10-04,70-79,2570,3218
2021-10-04,80-89,813,16255
2021-10-04,90+,195,3336
2021-10-05,05-11,0,0
2021-10-05,12-19,18490,57
2021-10-05,20-29,14537,895
2021-10-05,30-39,15560,1641
2021-10-05,40-49,13481,1974
2021-10-05,50-59,9664,3046
2021-10-05,60-69,4849,3086
2021-10-05,70-79,2466,2899
2021-10-05,80-89,858,16879
2021-10-05,90+,182,3438
2021-10-06,05-11,0,0
2021-10-06,12-19,15226,43
2021-10-06,20-29,12897,573
2021-10-06,30-39,13859,1054
2021-10-06,40-49,11989,1532
2021-10-06,50-59,9153,2488
2021-10-06,60-69,4954,2829
2021-10-06,70-79,2526,2555
2021-10-06,80-89,926,19295
2021-10-06,90+,209,3696
2021-10-07,05-11,0,0
2021-10-07,12-19,14793,47
2021-10-07,20-29,12643,532
2021-10-07,30-39,13896,973
2021-10-07,40-49,12074,1657
2021-10-07,50-59,9422,2771
2021-10-07,60-69,4898,3401
2021-10-07,70-79,2538,2746
2021-10-07,80-89,960,17916
2021-10-07,90+,268,4236
2021-10-08,05-11,0,0
2021-10-08,12-19,16622,71
2021-10-08,20-29,12992,574
2021-10-08,30-39,15897,980
2021-10-08,40-49,14792,1640
2021-10-08,50-59,11194,2671
2021-10-08,60-69,5247,3235
2021-10-08,70-79,2495,2574
2021-10-08,80-89,905,17553
2021-10-08,90+,208,4191
2021-10-09,05-11,0,0
2021-10-09,12-19,16212,36
2021-10-09,20-29,11710,295
2021-10-09,30-39,15300,476
2021-10-09,40-49,14625,768
2021-10-09,50-59,11143,1282
2021-10-09,60-69,4402,1635
2021-10-09,70-79,1669,1386
2021-10-09,80-89,648,13221
2021-10-09,90+,95,3008
2021-10-10,05-11,0,0
2021-10-10,12-19,9013,12
2021-10-10,20-29,7421,153
2021-10-10,30-39,9551,203
2021-10-10,40-49,9194,366
2021-10-10,50-59,6699,650
2021-10-10,60-69,2451,794
2021-10-10,70-79,931,655
2021-10-10,80-89,314,9212
2021-10-10,90+,55,1545
2021-10-11,05-11,0,0
2021-10-11,12-19,14286,60
2021-10-11,20-29,15959,668
2021-10-11,30-39,18189,1058
2021-10-11,40-49,16590,1631
2021-10-11,50-59,12752,2663
2021-10-11,60-69,5728,3179
2021-10-11,70-79,2523,2395
2021-10-11,80-89,898,24220
2021-10-11,90+,176,5118
2021-10-12,05-11,0,0
2021-10-12,12-19,12424,36
2021-10-12,20-29,15570,801
2021-10-12,30-39,17928,1447
2021-10-12,40-49,16531,2113
2021-10-12,50-59,12639,3278
2021-10-12,60-69,5663,3968
2021-10-12,70-79,2375,3132
2021-10-12,80-89,869,25907
2021-10-12,90+,192,6106
2021-10-13,05-11,0,0
2021-10-13,12-19,12369,46
2021-10-13,20-29,16200,1187
2021-10-13,30-39,18349,1856
2021-10-13,40-49,17428,2507
2021-10-13,50-59,13763,3788
2021-10-13,60-69,5928,4594
2021-10-13,70-79,2631,3859
2021-10-13,80-89,1003,27041
2021-10-13,90+,247,7104
2021-10-14,05-11,0,0
2021-10-14,12-19,11843,45
2021-10-14,20-29,17071,1234
2021-10-14,30-39,19371,2097
2021-10-14,40-49,18168,3030
2021-10-14,50-59,14232,4547
2021-10-14,60-69,6341,5432
2021-10-14,70-79,2725,3968
2021-10-14,80-89,1100,29689
2021-10-14,90+,256,8343
2021-10-15,05-11,0,0
2021-10-15,12-19,12766,60
2021-10-15,20-29,16463,1413
2021-10-15,30-39,19770,2182
2021-10-15,40-49,19118,3318
2021-10-15,50-59,15199,5115
2021-10-15,60-69,6184,5539
2021-10-15,70-79,2467,3551
2021-10-15,80-89,1007,26888
2021-10-15,90+,245,7403
2021-10-16,05-11,0,0
2021-10-16,12-19,12668,45
2021-10-16,20-29,13746,971
2021-10-16,30-39,17756,1373
2021-10-16,40-49,17547,1811
2021-10-16,50-59,13892,2647
2021-10-16,60-69,4784,3110
2021-10-16,70-79,1571,1961
2021-10-16,80-89,582,20407
2021-10-16,90+,112,4377
2021-10-17,05-11,0,0
2021-10-17,12-19,7226,19
2021-10-17,20-29,8842,679
2021-10-17,30-39,11431,946
2021-10-17,40-49,11109,1220
2021-10-17,50-59,8648,1748
2021-10-17,60-69,2749,2058
2021-10-17,70-79,882,2435
2021-10-17,80-89,305,12277
2021-10-17,90+,55,2395
2021-10-18,05-11,0,0
2021-10-18,12-19,11307,49
2021-10-18,20-29,17614,1974
2021-10-18,30-39,19719,2647
2021-10-18,40-49,18362,3615
2021-10-18,50-59,14300,5060
2021-10-18,60-69,5540,5995
2021-10-18,70-79,2187,4535
2021-10-18,80-89,875,29205
2021-10-18,90+,157,6250
2021-10-19,05-11,0,0
2021-10-19,12-19,9621,60
2021-10-19,20-29,15296,2520
2021-10-19,30-39,16962,3391
2021-10-19,40-49,15850,4463
2021-10-19,50-59,12527,6159
2021-10-19,60-69,4970,7441
2021-10-19,70-79,1974,4941
2021-10-19,80-89,755,32261
2021-10-19,90+,193,8048
2021-10-20,05-11,0,0
2021-10-20,12-19,8636,78
2021-10-20,20-29,14164,2766
2021-10-20,30-39,16447,3942
2021-10-20,40-49,15308,5016
2021-10-20,50-59,12123,7482
2021-10-20,60-69,5018,8060
2021-10-20,70-79,2073,5417
2021-10-20,80-89,902,35929
2021-10-20,90+,254,9333
2021-10-21,05-11,0,0
2021-10-21,12-19,8955,48
2021-10-21,20-29,14479,2254
2021-10-21,30-39,17489,3470
2021-10-21,40-49,16227,4738
2021-10-21,50-59,12791,7272
2021-10-21,60-69,4990,8563
2021-10-21,70-79,2052,6698
2021-10-21,80-89,857,38720
2021-10-21,90+,254,9807
2021-10-22,05-11,0,0
2021-10-22,12-19,9136,50
2021-10-22,20-29,13048,2232
2021-10-22,30-39,16187,3699
2021-10-22,40-49,15644,5108
2021-10-22,50-59,11941,7719
2021-10-22,60-69,4794,8556
2021-10-22,70-79,1901,7360
2021-10-22,80-89,865,33907
2021-10-22,90+,235,8258
2021-10-23,05-11,0,0
2021-10-23,12-19,8495,39
2021-10-23,20-29,10114,1509
2021-10-23,30-39,13049,2244
2021-10-23,40-49,13233,3157
2021-10-23,50-59,10551,5647
2021-10-23,60-69,3529,6082
2021-10-23,70-79,1166,4152
2021-10-23,80-89,500,24137
2021-10-23,90+,96,4922
2021-10-24,05-11,0,0
2021-10-24,12-19,4570,19
2021-10-24,20-29,5890,837
2021-10-24,30-39,7546,1026
2021-10-24,40-49,7171,1551
2021-10-24,50-59,5577,2350
2021-10-24,60-69,1756,2838
2021-10-24,70-79,560,1801
2021-10-24,80-89,202,11321
2021-10-24,90+,37,1656
2021-10-25,05-11,0,0
2021-10-25,12-19,7471,51
2021-10-25,20-29,13007,2505
2021-10-25,30-39,14569,3866
2021-10-25,40-49,13028,5152
2021-10-25,50-59,10258,7884
2021-10-25,60-69,4050,9554
2021-10-25,70-79,1613,7574
2021-10-25,80-89,609,37256
2021-10-25,90+,139,7664
2021-10-26,05-11,0,0
2021-10-26,12-19,6491,60
2021-10-26,20-29,11280,2839
2021-10-26,30-39,13125,4523
2021-10-26,40-49,11948,5769
2021-10-26,50-59,9371,8573
2021-10-26,60-69,3772,10431
2021-10-26,70-79,1506,8457
2021-10-26,80-89,611,41641
2021-10-26,90+,153,9323
2021-10-27,05-11,0,0
2021-10-27,12-19,5882,51
2021-10-27,20-29,11213,2848
2021-10-27,30-39,13002,4711
2021-10-27,40-49,12078,6292
2021-10-27,50-59,9545,9533
2021-10-27,60-69,3916,11151
2021-10-27,70-79,1591,9986
2021-10-27,80-89,697,48661
2021-10-27,90+,202,10584
2021-10-28,05-11,0,0
2021-10-28,12-19,6185,67
2021-10-28,20-29,11777,3120
2021-10-28,30-39,13655,5026
2021-10-28,40-49,12866,6786
2021-10-28,50-59,10160,10275
2021-10-28,60-69,4004,12997
2021-10-28,70-79,1601,12066
2021-10-28,80-89,806,52656
2021-10-28,90+,234,10839
2021-10-29,05-11,0,0
2021-10-29,12-19,6982,75
2021-10-29,20-29,10993,2921
2021-10-29,30-39,13942,4934
2021-10-29,40-49,13107,6897
2021-10-29,50-59,10337,10674
2021-10-29,60-69,3945,12899
2021-10-29,70-79,1464,11552
2021-10-29,80-89,676,44540
2021-10-29,90+,170,8430
2021-10-30,05-11,0,0
2021-10-30,12-19,6382,59
2021-10-30,20-29,8740,1824
2021-10-30,30-39,11427,2805
2021-10-30,40-49,10985,3780
2021-10-30,50-59,8677,5935
2021-10-30,60-69,2963,9049
2021-10-30,70-79,919,9523
2021-10-30,80-89,392,30099
2021-10-30,90+,79,4924
2021-10-31,05-11,0,0
2021-10-31,12-19,2948,23
2021-10-31,20-29,4628,777
2021-10-31,30-39,5650,1145
2021-10-31,40-49,5617,1657
2021-10-31,50-59,4191,2687
2021-10-31,60-69,1472,3799
2021-10-31,70-79,426,4615
2021-10-31,80-89,151,11991
2021-10-31,90+,26,1543
2021-11-01,05-11,0,0
2021-11-01,12-19,2335,29
2021-11-01,20-29,3756,671
2021-11-01,30-39,4402,1087
2021-11-01,40-49,3878,1364
2021-11-01,50-59,2955,2139
2021-11-01,60-69,1114,4094
2021-11-01,70-79,392,5084
2021-11-01,80-89,149,12004
2021-11-01,90+,27,1644
2021-11-02,05-11,0,0
2021-11-02,12-19,6661,63
2021-11-02,20-29,12521,2812
2021-11-02,30-39,14536,4165
2021-11-02,40-49,12846,5611
2021-11-02,50-59,9984,8721
2021-11-02,60-69,3902,11816
2021-11-02,70-79,1424,12165
2021-11-02,80-89,619,37098
2021-11-02,90+,157,6749
2021-11-03,05-11,0,0
2021-11-03,12-19,5968,81
2021-11-03,20-29,11656,3206
2021-11-03,30-39,13630,5305
2021-11-03,40-49,12703,7030
2021-11-03,50-59,10226,10744
2021-11-03,60-69,4102,15023
2021-11-03,70-79,1504,17638
2021-11-03,80-89,641,50226
2021-11-03,90+,185,9234
2021-11-04,05-11,0,0
2021-11-04,12-19,5759,117
2021-11-04,20-29,11433,3662
2021-11-04,30-39,13173,5534
2021-11-04,40-49,12441,7843
2021-11-04,50-59,9940,11897
2021-11-04,60-69,3988,16884
2021-11-04,70-79,1529,18943
2021-11-04,80-89,664,51960
2021-11-04,90+,171,9611
2021-11-05,05-11,0,0
2021-11-05,12-19,6731,130
2021-11-05,20-29,11670,4274
2021-11-05,30-39,14104,6895
2021-11-05,40-49,13342,9448
2021-11-05,50-59,10639,13961
2021-11-05,60-69,4127,18962
2021-11-05,70-79,1504,20820
2021-11-05,80-89,660,51243
2021-11-05,90+,193,9221
2021-11-06,05-11,0,0
2021-11-06,12-19,6164,113
2021-11-06,20-29,8089,2565
2021-11-06,30-39,10251,3656
2021-11-06,40-49,9751,5387
2021-11-06,50-59,7888,8738
2021-11-06,60-69,2887,13012
2021-11-06,70-79,841,14896
2021-11-06,80-89,387,36795
2021-11-06,90+,84,5638
2021-11-07,05-11,0,0
2021-11-07,12-19,3024,54
2021-11-07,20-29,4055,1330
2021-11-07,30-39,5020,1624
2021-11-07,40-49,4775,2326
2021-11-07,50-59,3610,4177
2021-11-07,60-69,1172,5805
2021-11-07,70-79,365,6919
2021-11-07,80-89,143,13708
2021-11-07,90+,38,1886
2021-11-08,05-11,0,0
2021-11-08,12-19,5864,94
2021-11-08,20-29,10188,4031
2021-11-08,30-39,11280,5408
2021-11-08,40-49,10485,7811
2021-11-08,50-59,8199,13344
2021-11-08,60-69,3318,21453
2021-11-08,70-79,1266,25143
2021-11-08,80-89,594,45716
2021-11-08,90+,158,8101
2021-11-09,05-11,0,0
2021-11-09,12-19,5221,148
2021-11-09,20-29,8952,4711
2021-11-09,30-39,9903,6445
2021-11-09,40-49,8994,9181
2021-11-09,50-59,7111,14194
2021-11-09,60-69,3045,22971
2021-11-09,70-79,1264,27101
2021-11-09,80-89,630,49863
2021-11-09,90+,165,9278
2021-11-10,05-11,0,0
2021-11-10,12-19,4766,156
2021-11-10,20-29,8231,4758
2021-11-10,30-39,9367,6537
2021-11-10,40-49,8302,9354
2021-11-10,50-59,6766,14764
2021-11-10,60-69,3003,24418
2021-11-10,70-79,1304,29523
2021-11-10,80-89,604,56504
2021-11-10,90+,163,9995
2021-11-11,05-11,0,0
2021-11-11,12-19,5031,166
2021-11-11,20-29,8623,4721
2021-11-11,30-39,9828,6612
2021-11-11,40-49,8795,9533
2021-11-11,50-59,7147,15012
2021-11-11,60-69,3186,24207
2021-11-11,70-79,1392,31173
2021-11-11,80-89,622,54028
2021-11-11,90+,167,9462
2021-11-12,05-11,0,0
2021-11-12,12-19,5363,187
2021-11-12,20-29,7837,5320
2021-11-12,30-39,9422,8106
2021-11-12,40-49,8714,11823
2021-11-12,50-59,7072,17669
2021-11-12,60-69,4709,25887
2021-11-12,70-79,2162,30706
2021-11-12,80-89,759,49752
2021-11-12,90+,180,8904
2021-11-13,05-11,0,0
2021-11-13,12-19,5443,157
2021-11-13,20-29,5549,3753
2021-11-13,30-39,7078,5147
2021-11-13,40-49,6494,7629
2021-11-13,50-59,5249,12244
2021-11-13,60-69,2041,21509
2021-11-13,70-79,798,24824
2021-11-13,80-89,389,35426
2021-11-13,90+,99,5765
2021-11-14,05-11,0,0
2021-11-14,12-19,2528,93
2021-11-14,20-29,2525,1725
2021-11-14,30-39,3106,2213
2021-11-14,40-49,2802,3719
2021-11-14,50-59,2098,6145
2021-11-14,60-69,841,10456
2021-11-14,70-79,331,12370
2021-11-14,80-89,157,13681
2021-11-14,90+,51,1983
2021-11-15,05-11,0,0
2021-11-15,12-19,4980,182
2021-11-15,20-29,7065,5196
2021-11-15,30-39,8164,6812
2021-11-15,40-49,7091,10298
2021-11-15,50-59,5329,16330
2021-11-15,60-69,2450,31690
2021-11-15,70-79,1133,38546
2021-11-15,80-89,433,41023
2021-11-15,90+,105,7072
2021-11-16,05-11,0,0
2021-11-16,12-19,4264,181
2021-11-16,20-29,5932,5465
2021-11-16,30-39,6459,7219
2021-11-16,40-49,5470,10583
2021-11-16,50-59,4389,17965
2021-11-16,60-69,2216,34379
2021-11-16,70-79,1072,40462
2021-11-16,80-89,474,45955
2021-11-16,90+,136,8919
2021-11-17,05-11,0,0
2021-11-17,12-19,3858,170
2021-11-17,20-29,5408,5734
2021-11-17,30-39,5871,7636
2021-11-17,40-49,5138,11007
2021-11-17,50-59,4134,18937
2021-11-17,60-69,2108,35253
2021-11-17,70-79,1088,40558
2021-11-17,80-89,522,49881
2021-11-17,90+,156,9059
2021-11-18,05-11,0,0
2021-11-18,12-19,4160,222
2021-11-18,20-29,5409,5887
2021-11-18,30-39,6177,7790
2021-11-18,40-49,5353,12077
2021-11-18,50-59,4417,20789
2021-11-18,60-69,2521,39732
2021-11-18,70-79,1280,44916
2021-11-18,80-89,563,52038
2021-11-18,90+,229,9966
2021-11-19,05-11,0,0
2021-11-19,12-19,4406,301
2021-11-19,20-29,4783,7012
2021-11-19,30-39,5992,10054
2021-11-19,40-49,5250,16506
2021-11-19,50-59,4247,26876
2021-11-19,60-69,2176,42652
2021-11-19,70-79,1105,45072
2021-11-19,80-89,533,47816
2021-11-19,90+,143,9232
2021-11-20,05-11,0,0
2021-11-20,12-19,3952,283
2021-11-20,20-29,3349,5284
2021-11-20,30-39,4142,7065
2021-11-20,40-49,3751,11733
2021-11-20,50-59,3154,21021
2021-11-20,60-69,1438,34341
2021-11-20,70-79,674,33999
2021-11-20,80-89,307,35845
2021-11-20,90+,92,6556
2021-11-21,05-11,0,0
2021-11-21,12-19,2104,161
2021-11-21,20-29,1768,2094
2021-11-21,30-39,2133,2676
2021-11-21,40-49,1848,4803
2021-11-21,50-59,1552,9403
2021-11-21,60-69,697,15447
2021-11-21,70-79,289,14869
2021-11-21,80-89,121,13131
2021-11-21,90+,21,2127
2021-11-22,05-11,0,0
2021-11-22,12-19,3319,392
2021-11-22,20-29,4145,6782
2021-11-22,30-39,4442,9121
2021-11-22,40-49,3898,19262
2021-11-22,50-59,3038,34120
2021-11-22,60-69,1709,49579
2021-11-22,70-79,802,47538
2021-11-22,80-89,323,38930
2021-11-22,90+,89,7136
2021-11-23,05-11,0,0
2021-11-23,12-19,3895,330
2021-11-23,20-29,4145,7362
2021-11-23,30-39,4635,10366
2021-11-23,40-49,3983,22116
2021-11-23,50-59,3238,38747
2021-11-23,60-69,1828,53599
2021-11-23,70-79,992,53319
2021-11-23,80-89,519,46579
2021-11-23,90+,156,8985
2021-11-24,05-11,0,0
2021-11-24,12-19,3569,442
2021-11-24,20-29,4168,7560
2021-11-24,30-39,4690,10744
2021-11-24,40-49,4273,24711
2021-11-24,50-59,4389,44331
2021-11-24,60-69,3877,60399
2021-11-24,70-79,1874,62310
2021-11-24,80-89,599,50175
2021-11-24,90+,182,9839
2021-11-25,05-11,0,0
2021-11-25,12-19,3501,555
2021-11-25,20-29,3867,9136
2021-11-25,30-39,4444,12810
2021-11-25,40-49,3979,30375
2021-11-25,50-59,3411,55101
2021-11-25,60-69,1989,67760
2021-11-25,70-79,1097,67583
2021-11-25,80-89,523,48275
2021-11-25,90+,169,9853
2021-11-26,05-11,0,0
2021-11-26,12-19,4207,674
2021-11-26,20-29,3835,10850
2021-11-26,30-39,4656,16054
2021-11-26,40-49,4242,36724
2021-11-26,50-59,3506,65056
2021-11-26,60-69,2127,71881
2021-11-26,70-79,1121,65006
2021-11-26,80-89,498,42847
2021-11-26,90+,147,8742
2021-11-27,05-11,0,0
2021-11-27,12-19,4872,787
2021-11-27,20-29,3048,9102
2021-11-27,30-39,3919,12592
2021-11-27,40-49,3518,30660
2021-11-27,50-59,3057,59996
2021-11-27,60-69,1545,58676
2021-11-27,70-79,774,50088
2021-11-27,80-89,354,36416
2021-11-27,90+,99,7467
2021-11-28,05-11,0,0
2021-11-28,12-19,2312,426
2021-11-28,20-29,1516,4217
2021-11-28,30-39,1793,5774
2021-11-28,40-49,1666,15823
2021-11-28,50-59,1393,32423
2021-11-28,60-69,651,32625
2021-11-28,70-79,318,28904
2021-11-28,80-89,108,14085
2021-11-28,90+,34,2553
2021-11-29,05-11,0,0
2021-11-29,12-19,3948,833
2021-11-29,20-29,3742,12404
2021-11-29,30-39,4068,16258
2021-11-29,40-49,3628,36239
2021-11-29,50-59,3243,70433
2021-11-29,60-69,1914,76334
2021-11-29,70-79,976,70615
2021-11-29,80-89,386,35435
2021-11-29,90+,108,7024
2021-11-30,05-11,0,0
2021-11-30,12-19,3944,1087
2021-11-30,20-29,3757,13373
2021-11-30,30-39,4191,17498
2021-11-30,40-49,3823,39569
2021-11-30,50-59,3277,72775
2021-11-30,60-69,1974,84591
2021-11-30,70-79,1140,83285
2021-11-30,80-89,485,43759
2021-11-30,90+,196,9299
2021-12-01,05-11,0,0
2021-12-01,12-19,3600,1355
2021-12-01,20-29,3336,17009
2021-12-01,30-39,3894,23439
2021-12-01,40-49,3482,52908
2021-12-01,50-59,3102,94518
2021-12-01,60-69,1973,85444
2021-12-01,70-79,1132,86239
2021-12-01,80-89,515,42802
2021-12-01,90+,143,9130
2021-12-02,05-11,0,0
2021-12-02,12-19,4110,1705
2021-12-02,20-29,3734,19581
2021-12-02,30-39,4115,27137
2021-12-02,40-49,3906,54095
2021-12-02,50-59,3398,99151
2021-12-02,60-69,2139,91220
2021-12-02,70-79,1249,93055
2021-12-02,80-89,538,43966
2021-12-02,90+,201,10074
2021-12-03,05-11,0,0
2021-12-03,12-19,4813,2120
2021-12-03,20-29,3719,22962
2021-12-03,30-39,4534,33149
2021-12-03,40-49,4041,61169
2021-12-03,50-59,3583,109559
2021-12-03,60-69,2247,94788
2021-12-03,70-79,1212,92192
2021-12-03,80-89,506,41946
2021-12-03,90+,157,9025
2021-12-04,05-11,0,0
2021-12-04,12-19,5368,2445
2021-12-04,20-29,3051,20039
2021-12-04,30-39,3841,28534
2021-12-04,40-49,3521,53661
2021-12-04,50-59,3154,106849
2021-12-04,60-69,1659,83651
2021-12-04,70-79,893,79846
2021-12-04,80-89,422,35768
2021-12-04,90+,90,7649
2021-12-05,05-11,0,0
2021-12-05,12-19,2915,2045
2021-12-05,20-29,1657,13480
2021-12-05,30-39,1977,18300
2021-12-05,40-49,1902,32749
2021-12-05,50-59,1702,68618
2021-12-05,60-69,892,54202
2021-12-05,70-79,401,52430
2021-12-05,80-89,165,16730
2021-12-05,90+,39,2630
2021-12-06,05-11,0,0
2021-12-06,12-19,4800,2842
2021-12-06,20-29,4350,24602
2021-12-06,30-39,4549,31611
2021-12-06,40-49,4112,56071
2021-12-06,50-59,3445,103048
2021-12-06,60-69,2222,97160
2021-12-06,70-79,1232,99245
2021-12-06,80-89,421,35558
2021-12-06,90+,109,7064
2021-12-07,05-11,0,0
2021-12-07,12-19,4486,2806
2021-12-07,20-29,3834,25239
2021-12-07,30-39,4135,34041
2021-12-07,40-49,3906,59513
2021-12-07,50-59,3236,105717
2021-12-07,60-69,2125,101101
2021-12-07,70-79,1168,102649
2021-12-07,80-89,562,39815
2021-12-07,90+,143,8917
2021-12-08,05-11,0,0
2021-12-08,12-19,1947,2048
2021-12-08,20-29,1672,14430
2021-12-08,30-39,1755,20271
2021-12-08,40-49,1623,31721
2021-12-08,50-59,1382,62376
2021-12-08,60-69,778,52266
2021-12-08,70-79,383,50296
2021-12-08,80-89,150,13723
2021-12-08,90+,28,2372
2021-12-09,05-11,0,0
2021-12-09,12-19,5883,2875
2021-12-09,20-29,4808,24488
2021-12-09,30-39,5427,35599
2021-12-09,40-49,5078,63833
2021-12-09,50-59,4431,105384
2021-12-09,60-69,2835,104960
2021-12-09,70-79,1568,109089
2021-12-09,80-89,671,37446
2021-12-09,90+,196,7904
2021-12-10,05-11,0,0
2021-12-10,12-19,5699,3162
2021-12-10,20-29,4065,25315
2021-12-10,30-39,4815,38674
2021-12-10,40-49,4536,73276
2021-12-10,50-59,3901,116701
2021-12-10,60-69,2400,109126
2021-12-10,70-79,1303,106412
2021-12-10,80-89,585,36890
2021-12-10,90+,160,7740
2021-12-11,05-11,0,0
2021-12-11,12-19,5538,3169
2021-12-11,20-29,3050,22174
2021-12-11,30-39,3978,34369
2021-12-11,40-49,3741,67758
2021-12-11,50-59,3269,114967
2021-12-11,60-69,1828,92598
2021-12-11,70-79,1072,87381
2021-12-11,80-89,416,30253
2021-12-11,90+,105,6267
2021-12-12,05-11,0,0
2021-12-12,12-19,3057,2312
2021-12-12,20-29,1645,14456
2021-12-12,30-39,2057,22598
2021-12-12,40-49,1952,44379
2021-12-12,50-59,1650,74436
2021-12-12,60-69,870,59563
2021-12-12,70-79,458,58250
2021-12-12,80-89,198,14868
2021-12-12,90+,35,2400
2021-12-13,05-11,0,0
2021-12-13,12-19,5091,3134
2021-12-13,20-29,4015,24660
2021-12-13,30-39,4576,35524
2021-12-13,40-49,4084,66219
2021-12-13,50-59,3542,104538
2021-12-13,60-69,2299,104084
2021-12-13,70-79,1294,95066
2021-12-13,80-89,462,28108
2021-12-13,90+,136,5853
2021-12-14,05-11,0,0
2021-12-14,12-19,4501,3365
2021-12-14,20-29,3801,24374
2021-12-14,30-39,4363,36237
2021-12-14,40-49,3954,67878
2021-12-14,50-59,3548,108043
2021-12-14,60-69,2266,109050
2021-12-14,70-79,1334,104887
2021-12-14,80-89,555,32682
2021-12-14,90+,141,7244
2021-12-15,05-11,10,0
2021-12-15,12-19,4524,3502
2021-12-15,20-29,3668,24074
2021-12-15,30-39,4237,36477
2021-12-15,40-49,4108,69039
2021-12-15,50-59,3631,113030
2021-12-15,60-69,2258,115748
2021-12-15,70-79,1376,111097
2021-12-15,80-89,625,35583
2021-12-15,90+,196,8107
2021-12-16,05-11,585,0
2021-12-16,12-19,5174,3833
2021-12-16,20-29,3814,24119
2021-12-16,30-39,4493,35596
2021-12-16,40-49,4271,71331
2021-12-16,50-59,3806,113667
2021-12-16,60-69,2463,114805
2021-12-16,70-79,1486,112689
2021-12-16,80-89,683,35243
2021-12-16,90+,200,8392
2021-12-17,05-11,513,0
2021-12-17,12-19,6196,4317
2021-12-17,20-29,3891,25951
2021-12-17,30-39,4897,38693
2021-12-17,40-49,4475,80231
2021-12-17,50-59,3879,115368
2021-12-17,60-69,2384,109097
2021-12-17,70-79,1474,104939
2021-12-17,80-89,642,30953
2021-12-17,90+,168,6854
2021-12-18,05-11,852,0
2021-12-18,12-19,7270,4459
2021-12-18,20-29,3141,23996
2021-12-18,30-39,4156,35319
2021-12-18,40-49,3904,78031
2021-12-18,50-59,3419,117354
2021-12-18,60-69,1908,96629
2021-12-18,70-79,991,82800
2021-12-18,80-89,434,24447
2021-12-18,90+,98,5309
2021-12-19,05-11,792,0
2021-12-19,12-19,4318,3712
2021-12-19,20-29,1812,17906
2021-12-19,30-39,2186,25026
2021-12-19,40-49,2186,52683
2021-12-19,50-59,1764,75421
2021-12-19,60-69,874,60312
2021-12-19,70-79,447,51036
2021-12-19,80-89,161,12202
2021-12-19,90+,32,1982
2021-12-20,05-11,653,0
2021-12-20,12-19,7138,6085
2021-12-20,20-29,4469,31553
2021-12-20,30-39,4996,38226
2021-12-20,40-49,4356,71589
2021-12-20,50-59,3798,104159
2021-12-20,60-69,2327,106175
2021-12-20,70-79,1323,91325
2021-12-20,80-89,551,23049
2021-12-20,90+,131,4879
2021-12-21,05-11,691,0
2021-12-21,12-19,7116,6937
2021-12-21,20-29,4404,33286
2021-12-21,30-39,4820,39533
2021-12-21,40-49,4363,71698
2021-12-21,50-59,3695,106362
2021-12-21,60-69,2320,106281
2021-12-21,70-79,1333,95929
2021-12-21,80-89,564,26694
2021-12-21,90+,183,6039
2021-12-22,05-11,694,0
2021-12-22,12-19,6777,7915
2021-12-22,20-29,4315,35229
2021-12-22,30-39,4434,39198
2021-12-22,40-49,4148,71107
2021-12-22,50-59,3618,103564
2021-12-22,60-69,2242,102071
2021-12-22,70-79,1366,92439
2021-12-22,80-89,610,26569
2021-12-22,90+,179,6100
2021-12-23,05-11,850,0
2021-12-23,12-19,7015,8264
2021-12-23,20-29,3951,34292
2021-12-23,30-39,3986,34539
2021-12-23,40-49,3959,66596
2021-12-23,50-59,3496,94653
2021-12-23,60-69,2024,84141
2021-12-23,70-79,1170,76678
2021-12-23,80-89,567,21983
2021-12-23,90+,179,5311
2021-12-24,05-11,248,0
2021-12-24,12-19,3543,4486
2021-12-24,20-29,1856,19597
2021-12-24,30-39,1929,19018
2021-12-24,40-49,1896,37008
2021-12-24,50-59,1687,53658
2021-12-24,60-69,867,36902
2021-12-24,70-79,434,30291
2021-12-24,80-89,202,7911
2021-12-24,90+,49,1743
2021-12-25,05-11,34,0
2021-12-25,12-19,670,849
2021-12-25,20-29,259,3256
2021-12-25,30-39,318,3711
2021-12-25,40-49,319,6571
2021-12-25,50-59,286,9141
2021-12-25,60-69,117,5136
2021-12-25,70-79,44,3561
2021-12-25,80-89,17,676
2021-12-25,90+,5,114
2021-12-26,05-11,449,0
2021-12-26,12-19,2705,3965
2021-12-26,20-29,1079,18882
2021-12-26,30-39,1125,17961
2021-12-26,40-49,1243,30693
2021-12-26,50-59,987,39854
2021-12-26,60-69,433,25649
2021-12-26,70-79,228,17813
2021-12-26,80-89,82,3604
2021-12-26,90+,10,561
2021-12-27,05-11,1060,0
2021-12-27,12-19,13902,13967
2021-12-27,20-29,5790,60639
2021-12-27,30-39,6927,54851
2021-12-27,40-49,6432,84313
2021-12-27,50-59,5572,112821
2021-12-27,60-69,3068,91921
2021-12-27,70-79,1650,68371
2021-12-27,80-89,554,14553
2021-12-27,90+,143,2853
2021-12-28,05-11,1282,0
2021-12-28,12-19,11298,16379
2021-12-28,20-29,5275,56574
2021-12-28,30-39,5939,56422
2021-12-28,40-49,5727,90023
2021-12-28,50-59,5085,120281
2021-12-28,60-69,3045,105298
2021-12-28,70-79,1627,84841
2021-12-28,80-89,695,19789
2021-12-28,90+,167,4080
2021-12-29,05-11,1170,0
2021-12-29,12-19,8885,17052
2021-12-29,20-29,4111,49684
2021-12-29,30-39,4631,55378
2021-12-29,40-49,4521,88175
2021-12-29,50-59,4044,122897
2021-12-29,60-69,2399,104157
2021-12-29,70-79,1366,87090
2021-12-29,80-89,525,21180
2021-12-29,90+,148,4470
2021-12-30,05-11,1043,0
2021-12-30,12-19,7332,13678
2021-12-30,20-29,3533,38957
2021-12-30,30-39,4340,49436
2021-12-30,40-49,4344,80147
2021-12-30,50-59,4028,114164
2021-12-30,60-69,2459,97506
2021-12-30,70-79,1435,80643
2021-12-30,80-89,591,20376
2021-12-30,90+,179,4372
2021-12-31,05-11,371,0
2021-12-31,12-19,2997,6478
2021-12-31,20-29,1476,17006
2021-12-31,30-39,1981,25904
2021-12-31,40-49,2058,44041
2021-12-31,50-59,1886,60500
2021-12-31,60-69,1143,46551
2021-12-31,70-79,585,36247
2021-12-31,80-89,248,8771
2021-12-31,90+,69,1695
2022-01-01,05-11,76,0
2022-01-01,12-19,915,1689
2022-01-01,20-29,364,6108
2022-01-01,30-39,473,8898
2022-01-01,40-49,533,12890
2022-01-01,50-59,477,16686
2022-01-01,60-69,226,10685
2022-01-01,70-79,120,6087
2022-01-01,80-89,36,1464
2022-01-01,90+,7,252
2022-01-02,05-11,591,0
2022-01-02,12-19,6581,9190
2022-01-02,20-29,2422,35029
2022-01-02,30-39,2885,36369
2022-01-02,40-49,3012,51540
2022-01-02,50-59,2553,65190
2022-01-02,60-69,1380,43900
2022-01-02,70-79,585,27661
2022-01-02,80-89,263,6687
2022-01-02,90+,49,1011
2022-01-03,05-11,545,0
2022-01-03,12-19,12282,17295
2022-01-03,20-29,6016,70674
2022-01-03,30-39,6691,65134
2022-01-03,40-49,6443,88356
2022-01-03,50-59,5817,110183
2022-01-03,60-69,3421,87738
2022-01-03,70-79,1721,62434
2022-01-03,80-89,667,15815
2022-01-03,90+,131,2940
2022-01-04,05-11,432,0
2022-01-04,12-19,11154,20081
2022-01-04,20-29,5844,75743
2022-01-04,30-39,6486,69658
2022-01-04,40-49,6184,94624
2022-01-04,50-59,5512,119507
2022-01-04,60-69,3349,96046
2022-01-04,70-79,1767,72889
2022-01-04,80-89,751,19821
2022-01-04,90+,171,4196
2022-01-05,05-11,763,0
2022-01-05,12-19,9517,18984
2022-01-05,20-29,5306,72774
2022-01-05,30-39,5365,70414
2022-01-05,40-49,5296,97872
2022-01-05,50-59,4758,120135
2022-01-05,60-69,2709,91198
2022-01-05,70-79,1407,66330
2022-01-05,80-89,581,18991
2022-01-05,90+,169,4130
2022-01-06,05-11,5814,0
2022-01-06,12-19,3557,11536
2022-01-06,20-29,2342,38896
2022-01-06,30-39,2516,39177
2022-01-06,40-49,2369,53007
2022-01-06,50-59,2133,60735
2022-01-06,60-69,1179,38934
2022-01-06,70-79,603,23933
2022-01-06,80-89,190,6765
2022-01-06,90+,49,1258
2022-01-07,05-11,14318,0
2022-01-07,12-19,11380,21107
2022-01-07,20-29,6017,69503
2022-01-07,30-39,7163,72438
2022-01-07,40-49,6805,101135
2022-01-07,50-59,6143,119835
2022-01-07,60-69,3848,90128
2022-01-07,70-79,1972,60204
2022-01-07,80-89,821,16634
2022-01-07,90+,180,3424
2022-01-08,05-11,20300,0
2022-01-08,12-19,10211,20702
2022-01-08,20-29,4479,60955
2022-01-08,30-39,5503,68189
2022-01-08,40-49,5244,95633
2022-01-08,50-59,4912,114687
2022-01-08,60-69,2738,76575
2022-01-08,70-79,1393,49591
2022-01-08,80-89,546,13825
2022-01-08,90+,125,2762
2022-01-09,05-11,18230,0
2022-01-09,12-19,6063,16282
2022-01-09,20-29,2780,41596
2022-01-09,30-39,3210,45403
2022-01-09,40-49,3045,62293
2022-01-09,50-59,2861,71907
2022-01-09,60-69,1410,45753
2022-01-09,70-79,715,27480
2022-01-09,80-89,327,7463
2022-01-09,90+,53,1261
2022-01-10,05-11,14795,0
2022-01-10,12-19,9754,29498
2022-01-10,20-29,6334,68497
2022-01-10,30-39,6995,71859
2022-01-10,40-49,6662,95849
2022-01-10,50-59,6149,110732
2022-01-10,60-69,3619,89147
2022-01-10,70-79,1934,59044
2022-01-10,80-89,692,14884
2022-01-10,90+,165,2893
2022-01-11,05-11,15540,0
2022-01-11,12-19,9159,32805
2022-01-11,20-29,6160,71761
2022-01-11,30-39,6788,77680
2022-01-11,40-49,6501,102851
2022-01-11,50-59,6035,117715
2022-01-11,60-69,3807,95802
2022-01-11,70-79,2089,66031
2022-01-11,80-89,916,18322
2022-01-11,90+,220,4036
2022-01-12,05-11,17391,0
2022-01-12,12-19,8186,32159
2022-01-12,20-29,5460,70700
2022-01-12,30-39,6026,76982
2022-01-12,40-49,5523,102576
2022-01-12,50-59,5291,115462
2022-01-12,60-69,3284,94305
2022-01-12,70-79,1882,65930
2022-01-12,80-89,785,18935
2022-01-12,90+,234,4221
2022-01-13,05-11,17683,0
2022-01-13,12-19,8074,32367
2022-01-13,20-29,5422,72029
2022-01-13,30-39,6096,78469
2022-01-13,40-49,5643,103176
2022-01-13,50-59,5214,115142
2022-01-13,60-69,3290,90635
2022-01-13,70-79,2013,64349
2022-01-13,80-89,881,19542
2022-01-13,90+,253,4642
2022-01-14,05-11,9299,0
2022-01-14,12-19,7116,41170
2022-01-14,20-29,4905,72399
2022-01-14,30-39,5459,82540
2022-01-14,40-49,5354,110182
2022-01-14,50-59,4961,119698
2022-01-14,60-69,2992,84346
2022-01-14,70-79,1578,56406
2022-01-14,80-89,824,17256
2022-01-14,90+,217,4216
2022-01-15,05-11,4090,0
2022-01-15,12-19,7439,48409
2022-01-15,20-29,4334,71203
2022-01-15,30-39,4868,81305
2022-01-15,40-49,4760,111928
2022-01-15,50-59,4335,119181
2022-01-15,60-69,2371,72683
2022-01-15,70-79,1297,44138
2022-01-15,80-89,639,15536
2022-01-15,90+,170,3541
2022-01-16,05-11,10062,0
2022-01-16,12-19,5143,42875
2022-01-16,20-29,2531,44311
2022-01-16,30-39,2825,47080
2022-01-16,40-49,2574,63712
2022-01-16,50-59,2430,68102
2022-01-16,60-69,1263,41033
2022-01-16,70-79,612,24366
2022-01-16,80-89,337,7880
2022-01-16,90+,63,1544
2022-01-17,05-11,18518,0
2022-01-17,12-19,7656,36184
2022-01-17,20-29,5222,68818
2022-01-17,30-39,5509,71432
2022-01-17,40-49,5089,91639
2022-01-17,50-59,4658,91728
2022-01-17,60-69,2917,69219
2022-01-17,70-79,1637,43840
2022-01-17,80-89,690,13854
2022-01-17,90+,168,3097
2022-01-18,05-11,23114,0
2022-01-18,12-19,7476,39972
2022-01-18,20-29,4985,70415
2022-01-18,30-39,5248,72512
2022-01-18,40-49,4794,93093
2022-01-18,50-59,4544,95539
2022-01-18,60-69,2827,75503
2022-01-18,70-79,1732,50158
2022-01-18,80-89,820,15872
2022-01-18,90+,224,3812
2022-01-19,05-11,24765,0
2022-01-19,12-19,6950,40640
2022-01-19,20-29,4504,69121
2022-01-19,30-39,4765,69686
2022-01-19,40-49,4346,89030
2022-01-19,50-59,4105,92438
2022-01-19,60-69,2666,73765
2022-01-19,70-79,1602,47655
2022-01-19,80-89,788,16420
2022-01-19,90+,259,3998
2022-01-20,05-11,21297,0
2022-01-20,12-19,7032,41618
2022-01-20,20-29,4753,68620
2022-01-20,30-39,4890,70724
2022-01-20,40-49,4554,87039
2022-01-20,50-59,4210,91172
2022-01-20,60-69,2725,72390
2022-01-20,70-79,1558,47049
2022-01-20,80-89,796,15986
2022-01-20,90+,214,3963
2022-01-21,05-11,13387,0
2022-01-21,12-19,5754,43172
2022-01-21,20-29,4039,68748
2022-01-21,30-39,4351,75025
2022-01-21,40-49,4097,93117
2022-01-21,50-59,3730,91988
2022-01-21,60-69,2206,64237
2022-01-21,70-79,1275,39808
2022-01-21,80-89,640,13869
2022-01-21,90+,186,3420
2022-01-22,05-11,8661,0
2022-01-22,12-19,4581,52419
2022-01-22,20-29,2936,65520
2022-01-22,30-39,3299,71044
2022-01-22,40-49,2983,91590
2022-01-22,50-59,2907,91135
2022-01-22,60-69,1473,52273
2022-01-22,70-79,850,30253
2022-01-22,80-89,423,11746
2022-01-22,90+,99,2884
2022-01-23,05-11,19057,0
2022-01-23,12-19,4439,38415
2022-01-23,20-29,2010,39394
2022-01-23,30-39,2121,40434
2022-01-23,40-49,2014,52294
2022-01-23,50-59,1906,52751
2022-01-23,60-69,889,28324
2022-01-23,70-79,487,16124
2022-01-23,80-89,252,5877
2022-01-23,90+,55,1249
2022-01-24,05-11,24513,0
2022-01-24,12-19,7466,39617
2022-01-24,20-29,4423,68101
2022-01-24,30-39,4827,66648
2022-01-24,40-49,4344,80080
2022-01-24,50-59,4187,79407
2022-01-24,60-69,2581,55840
2022-01-24,70-79,1373,33588
2022-01-24,80-89,643,11303
2022-01-24,90+,178,2443
2022-01-25,05-11,29187,0
2022-01-25,12-19,7927,41072
2022-01-25,20-29,4420,67877
2022-01-25,30-39,4717,67495
2022-01-25,40-49,4365,82921
2022-01-25,50-59,4324,80577
2022-01-25,60-69,2667,58531
2022-01-25,70-79,1524,36880
2022-01-25,80-89,716,13189
2022-01-25,90+,207,3143
2022-01-26,05-11,26938,0
2022-01-26,12-19,7359,39981
2022-01-26,20-29,4182,67815
2022-01-26,30-39,4778,65411
2022-01-26,40-49,4306,78170
2022-01-26,50-59,4114,77390
2022-01-26,60-69,2570,54698
2022-01-26,70-79,1610,35188
2022-01-26,80-89,771,12818
2022-01-26,90+,190,3318
2022-01-27,05-11,19255,0
2022-01-27,12-19,6295,39730
2022-01-27,20-29,4042,67929
2022-01-27,30-39,4288,65330
2022-01-27,40-49,4074,76507
2022-01-27,50-59,4090,77474
2022-01-27,60-69,2641,53708
2022-01-27,70-79,1495,34256
2022-01-27,80-89,723,12730
2022-01-27,90+,210,3325
2022-01-28,05-11,25477,0
2022-01-28,12-19,7742,42662
2022-01-28,20-29,4053,66374
2022-01-28,30-39,4616,70430
2022-01-28,40-49,4402,83871
2022-01-28,50-59,4795,80139
2022-01-28,60-69,3000,49500
2022-01-28,70-79,1672,28876
2022-01-28,80-89,756,10821
2022-01-28,90+,215,2704
2022-01-29,05-11,39509,0
2022-01-29,12-19,7860,50626
2022-01-29,20-29,3239,64127
2022-01-29,30-39,3728,67556
2022-01-29,40-49,3524,80383
2022-01-29,50-59,4074,76814
2022-01-29,60-69,2198,38963
2022-01-29,70-79,1168,21455
2022-01-29,80-89,586,8542
2022-01-29,90+,155,2157
2022-01-30,05-11,31164,0
2022-01-30,12-19,5353,36181
2022-01-30,20-29,2125,36855
2022-01-30,30-39,2497,36928
2022-01-30,40-49,2387,44302
2022-01-30,50-59,2713,42228
2022-01-30,60-69,1492,21708
2022-01-30,70-79,772,11221
2022-01-30,80-89,407,4433
2022-01-30,90+,78,914
2022-01-31,05-11,23425,0
2022-01-31,12-19,8141,38385
2022-01-31,20-29,4350,61696
2022-01-31,30-39,5237,57915
2022-01-31,40-49,4784,63950
2022-01-31,50-59,5550,61623
2022-01-31,60-69,3897,38950
2022-01-31,70-79,2128,22415
2022-01-31,80-89,873,8240
2022-01-31,90+,196,1869
2022-02-01,05-11,27687,0
2022-02-01,12-19,8220,40271
2022-02-01,20-29,4459,56772
2022-02-01,30-39,5027,50923
2022-02-01,40-49,4692,55515
2022-02-01,50-59,5587,52749
2022-02-01,60-69,4063,36127
2022-02-01,70-79,2423,21991
2022-02-01,80-89,1079,8462
2022-02-01,90+,257,2005
2022-02-02,05-11,26737,0
2022-02-02,12-19,7693,37239
2022-02-02,20-29,4799,48810
2022-02-02,30-39,5245,43827
2022-02-02,40-49,4853,48320
2022-02-02,50-59,5789,45034
2022-02-02,60-69,4483,31694
2022-02-02,70-79,2667,20445
2022-02-02,80-89,1126,7981
2022-02-02,90+,281,1953