data_somministrazione,delta_T,cum_vaccinazioni,cum_booster
2020-12-27,-1,18,0
2020-12-27,30,18,0
2020-12-27,90,18,0
2020-12-27,120,18,0
2020-12-27,180,18,0
2020-12-27,270,18,0
2020-12-28,-1,20,0
2020-12-28,30,20,0
2020-12-28,90,20,0
2020-12-28,120,20,0
2020-12-28,180,20,0
2020-12-28,270,20,0
2020-12-29,-1,21,0
2020-12-29,30,21,0
2020-12-29,90,21,0
2020-12-29,120,21,0
2020-12-29,180,21,0
2020-12-29,270,21,0
2020-12-30,-1,27,0
2020-12-30,30,27,0
2020-12-30,90,27,0
2020-12-30,120,27,0
2020-12-30,180,27,0
2020-12-30,270,27,0
2020-12-31,-1,78,0
2020-12-31,30,78,0
2020-12-31,90,78,0
2020-12-31,120,78,0
2020-12-31,180,78,0
2020-12-31,270,78,0
2021-01-01,-1,98,0
2021-01-01,30,98,0
2021-01-01,90,98,0
2021-01-01,120,98,0
2021-01-01,180,98,0
2021-01-01,270,98,0
2021-01-02,-1,183,0
2021-01-02,30,183,0
2021-01-02,90,183,0
2021-01-02,120,183,0
2021-01-02,180,183,0
2021-01-02,270,183,0
2021-01-03,-1,250,0
2021-01-03,30,250,0
2021-01-03,90,250,0
2021-01-03,120,250,0
2021-01-03,180,250,0
2021-01-03,270,250,0
2021-01-04,-1,429,0
2021-01-04,30,429,0
2021-01-04,90,429,0
2021-01-04,120,429,0
2021-01-04,180,429,0
2021-01-04,270,429,0
2021-01-05,-1,650,0
2021-01-05,30,650,0
2021-01-05,90,650,0
2021-01-05,120,650,0
2021-01-05,180,650,0
2021-01-05,270,650,0
2021-01-06,-1,826,0
2021-01-06,30,826,0
2021-01-06,90,826,0
2021-01-06,120,826,0
2021-01-06,180,826,0
2021-01-06,270,826,0
2021-01-07,-1,1087,0
2021-01-07,30,1087,0
2021-01-07,90,1087,0
2021-01-07,120,1087,0
2021-01-07,180,1087,0
2021-01-07,270,1087,0
2021-01-08,-1,1398,0
2021-01-08,30,1398,0
2021-01-08,90,1398,0
2021-01-08,120,1398,0
2021-01-08,180,1398,0
2021-01-08,270,1398,0
2021-01-09,-1,1629,0
2021-01-09,30,1629,0
2021-01-09,90,1629,0
2021-01-09,120,1629,0
2021-01-09,180,1629,0
2021-01-09,270,1629,0
2021-01-10,-1,1767,0
2021-01-10,30,1767,0
2021-01-10,90,1767,0
2021-01-10,120,1767,0
2021-01-10,180,1767,0
2021-01-10,270,1767,0
2021-01-11,-1,2020,0
2021-01-11,30,2020,0
2021-01-11,90,2020,0
2021-01-11,120,2020,0
2021-01-11,180,2020,0
2021-01-11,270,2020,0
2021-01-12,-1,2278,0
2021-01-12,30,2278,0
2021-01-12,90,2278,0
2021-01-12,120,2278,0
2021-01-12,180,2278,0
2021-01-12,270,2278,0
2021-01-13,-1,2646,0
2021-01-13,30,2646,0
2021-01-13,90,2646,0
2021-01-13,120,2646,0
2021-01-13,180,2646,0
2021-01-13,270,2646,0
2021-01-14,-1,3105,0
2021-01-14,30,3105,0
2021-01-14,90,3105,0
2021-01-14,120,3105,0
2021-01-14,180,3105,0
2021-01-14,270,3105,0
2021-01-15,-1,3386,0
2021-01-15,30,3386,0
2021-01-15,90,3386,0
2021-01-15,120,3386,0
2021-01-15,180,3386,0
2021-01-15,270,3386,0
2021-01-16,-1,3581,0
2021-01-16,30,3581,0
2021-01-16,90,3581,0
2021-01-16,120,3581,0
2021-01-16,180,3581,0
2021-01-16,270,3581,0
2021-01-17,-1,6635,0
2021-01-17,30,6635,0
2021-01-17,90,6635,0
2021-01-17,120,6635,0
2021-01-17,180,6635,0
2021-01-17,270,6635,0
2021-01-18,-1,11840,0
2021-01-18,30,11840,0
2021-01-18,90,11840,0
2021-01-18,120,11840,0
2021-01-18,180,11840,0
2021-01-18,270,11840,0
2021-01-19,-1,13730,0
2021-01-19,30,13730,0
2021-01-19,90,13730,0
2021-01-19,120,13730,0
2021-01-19,180,13730,0
2021-01-19,270,13730,0
2021-01-20,-1,18380,0
2021-01-20,30,18380,0
2021-01-20,90,18380,0
2021-01-20,120,18380,0
2021-01-20,180,18380,0
2021-01-20,270,18380,0
2021-01-21,-1,38389,0
2021-01-21,30,38389,0
2021-01-21,90,38389,0
2021-01-21,120,38389,0
2021-01-21,180,38389,0
2021-01-21,270,38389,0
2021-01-22,-1,52588,0
2021-01-22,30,52588,0
2021-01-22,90,52588,0
2021-01-22,120,52588,0
2021-01-22,180,52588,0
2021-01-22,270,52588,0
2021-01-23,-1,85932,0
2021-01-23,30,85932,0
2021-01-23,90,85932,0
2021-01-23,120,85932,0
2021-01-23,180,85932,0
2021-01-23,270,85932,0
2021-01-24,-1,116726,0
2021-01-24,30,116726,0
2021-01-24,90,116726,0
2021-01-24,120,116726,0
2021-01-24,180,116726,0
2021-01-24,270,116726,0
2021-01-25,-1,181473,0
2021-01-25,30,181473,0
2021-01-25,90,181473,0
2021-01-25,120,181473,0
2021-01-25,180,181473,0
2021-01-25,270,181473,0
2021-01-26,-1,257982,0
2021-01-26,30,257964,0
2021-01-26,90,257982,0
2021-01-26,120,257982,0
2021-01-26,180,257982,0
2021-01-26,270,257982,0
2021-01-27,-1,322838,0
2021-01-27,30,322818,0
2021-01-27,90,322838,0
2021-01-27,120,322838,0
2021-01-27,180,322838,0
2021-01-27,270,322838,0
2021-01-28,-1,412155,0
2021-01-28,30,412134,0
2021-01-28,90,412155,0
2021-01-28,120,412155,0
2021-01-28,180,412155,0
2021-01-28,270,412155,0
2021-01-29,-1,506202,0
2021-01-29,30,506175,0
2021-01-29,90,506202,0
2021-01-29,120,506202,0
2021-01-29,180,506202,0
2021-01-29,270,506202,0
2021-01-30,-1,592788,0
2021-01-30,30,592710,0
2021-01-30,90,592788,0
2021-01-30,120,592788,0
2021-01-30,180,592788,0
2021-01-30,270,592788,0
2021-01-31,-1,650133,0
2021-01-31,30,650035,0
2021-01-31,90,650133,0
2021-01-31,120,650133,0
2021-01-31,180,650133,0
2021-01-31,270,650133,0
2021-02-01,-1,732014,0
2021-02-01,30,731831,0
2021-02-01,90,732014,0
2021-02-01,120,732014,0
2021-02-01,180,732014,0
2021-02-01,270,732014,0
2021-02-02,-1,814164,0
2021-02-02,30,813914,0
2021-02-02,90,814164,0
2021-02-02,120,814164,0
2021-02-02,180,814164,0
2021-02-02,270,814164,0
2021-02-03,-1,905366,0
2021-02-03,30,904937,0
2021-02-03,90,905366,0
2021-02-03,120,905366,0
2021-02-03,180,905366,0
2021-02-03,270,905366,0
2021-02-04,-1,1000773,0
2021-02-04,30,1000123,0
2021-02-04,90,1000773,0
2021-02-04,120,1000773,0
2021-02-04,180,1000773,0
2021-02-04,270,1000773,0
2021-02-05,-1,1091067,0
2021-02-05,30,1090241,0
2021-02-05,90,1091067,0
2021-02-05,120,1091067,0
2021-02-05,180,1091067,0
2021-02-05,270,1091067,0
2021-02-06,-1,1154518,0
2021-02-06,30,1153431,0
2021-02-06,90,1154518,0
2021-02-06,120,1154518,0
2021-02-06,180,1154518,0
2021-02-06,270,1154518,0
2021-02-07,-1,1187443,0
2021-02-07,30,1186045,0
2021-02-07,90,1187443,0
2021-02-07,120,1187443,0
2021-02-07,180,1187443,0
2021-02-07,270,1187443,0
2021-02-08,-1,1227876,0
2021-02-08,30,1226247,0
2021-02-08,90,1227876,0
2021-02-08,120,1227876,0
2021-02-08,180,1227876,0
2021-02-08,270,1227876,0
2021-02-09,-1,1260739,0
2021-02-09,30,1258972,0
2021-02-09,90,1260739,0
2021-02-09,120,1260739,0
2021-02-09,180,1260739,0
2021-02-09,270,1260739,0
2021-02-10,-1,1289151,0
2021-02-10,30,1287131,0
2021-02-10,90,1289151,0
2021-02-10,120,1289151,0
2021-02-10,180,1289151,0
2021-02-10,270,1289151,0
2021-02-11,-1,1309530,0
2021-02-11,30,1307252,0
2021-02-11,90,1309530,0
2021-02-11,120,1309530,0
2021-02-11,180,1309530,0
2021-02-11,270,1309530,0
2021-02-12,-1,1325749,0
2021-02-12,30,1323103,0
2021-02-12,90,1325749,0
2021-02-12,120,1325749,0
2021-02-12,180,1325749,0
2021-02-12,270,1325749,0
2021-02-13,-1,1332988,0
2021-02-13,30,1329883,0
2021-02-13,90,1332988,0
2021-02-13,120,1332988,0
2021-02-13,180,1332988,0
2021-02-13,270,1332988,0
2021-02-14,-1,1335849,0
2021-02-14,30,1332463,0
2021-02-14,90,1335849,0
2021-02-14,120,1335849,0
2021-02-14,180,1335849,0
2021-02-14,270,1335849,0
2021-02-15,-1,1342683,0
2021-02-15,30,1339102,0
2021-02-15,90,1342683,0
2021-02-15,120,1342683,0
2021-02-15,180,1342683,0
2021-02-15,270,1342683,0
2021-02-16,-1,1349673,0
2021-02-16,30,1343038,0
2021-02-16,90,1349673,0
2021-02-16,120,1349673,0
2021-02-16,180,1349673,0
2021-02-16,270,1349673,0
2021-02-17,-1,1360190,0
2021-02-17,30,1348350,0
2021-02-17,90,1360190,0
2021-02-17,120,1360190,0
2021-02-17,180,1360190,0
2021-02-17,270,1360190,0
2021-02-18,-1,1369431,0
2021-02-18,30,1355701,0
2021-02-18,90,1369431,0
2021-02-18,120,1369431,0
2021-02-18,180,1369431,0
2021-02-18,270,1369431,0
2021-02-19,-1,1377661,0
2021-02-19,30,1359281,0
2021-02-19,90,1377661,0
2021-02-19,120,1377661,0
2021-02-19,180,1377661,0
2021-02-19,270,1377661,0
2021-02-20,-1,1383191,0
2021-02-20,30,1344802,0
2021-02-20,90,1383191,0
2021-02-20,120,1383191,0
2021-02-20,180,1383191,0
2021-02-20,270,1383191,0
2021-02-21,-1,1386166,0
2021-02-21,30,1333578,0
2021-02-21,90,1386166,0
2021-02-21,120,1386166,0
2021-02-21,180,1386166,0
2021-02-21,270,1386166,0
2021-02-22,-1,1393040,0
2021-02-22,30,1307108,0
2021-02-22,90,1393040,0
2021-02-22,120,1393040,0
2021-02-22,180,1393040,0
2021-02-22,270,1393040,0
2021-02-23,-1,1400193,0
2021-02-23,30,1283467,0
2021-02-23,90,1400193,0
2021-02-23,120,1400193,0
2021-02-23,180,1400193,0
2021-02-23,270,1400193,0
2021-02-24,-1,1410015,0
2021-02-24,30,1228542,0
2021-02-24,90,1410015,0
2021-02-24,120,1410015,0
2021-02-24,180,1410015,0
2021-02-24,270,1410015,0
2021-02-25,-1,1424211,0
2021-02-25,30,1166229,0
2021-02-25,90,1424211,0
2021-02-25,120,1424211,0
2021-02-25,180,1424211,0
2021-02-25,270,1424211,0
2021-02-26,-1,1441755,0
2021-02-26,30,1118917,0
2021-02-26,90,1441755,0
2021-02-26,120,1441755,0
2021-02-26,180,1441755,0
2021-02-26,270,1441755,0
2021-02-27,-1,1455648,0
2021-02-27,30,1043493,0
2021-02-27,90,1455648,0
2021-02-27,120,1455648,0
2021-02-27,180,1455648,0
2021-02-27,270,1455648,0
2021-02-28,-1,1465028,0
2021-02-28,30,958826,0
2021-02-28,90,1465028,0
2021-02-28,120,1465028,0
2021-02-28,180,1465028,0
2021-02-28,270,1465028,0
2021-03-01,-1,1491532,0
2021-03-01,30,898744,0
2021-03-01,90,1491532,0
2021-03-01,120,1491532,0
2021-03-01,180,1491532,0
2021-03-01,270,1491532,0
2021-03-02,-1,1524760,0
2021-03-02,30,874627,0
2021-03-02,90,1524760,0
2021-03-02,120,1524760,0
2021-03-02,180,1524760,0
2021-03-02,270,1524760,0
2021-03-03,-1,1569402,0
2021-03-03,30,837388,0
2021-03-03,90,1569402,0
2021-03-03,120,1569402,0
2021-03-03,180,1569402,0
2021-03-03,270,1569402,0
2021-03-04,-1,1619690,0
2021-03-04,30,805526,0
2021-03-04,90,1619690,0
2021-03-04,120,1619690,0
2021-03-04,180,1619690,0
2021-03-04,270,1619690,0
2021-03-05,-1,1675420,0
2021-03-05,30,770054,0
2021-03-05,90,1675420,0
2021-03-05,120,1675420,0
2021-03-05,180,1675420,0
2021-03-05,270,1675420,0
2021-03-06,-1,1717286,0
2021-03-06,30,716513,0
2021-03-06,90,1717286,0
2021-03-06,120,1717286,0
2021-03-06,180,1717286,0
2021-03-06,270,1717286,0
2021-03-07,-1,1739604,0
2021-03-07,30,648537,0
2021-03-07,90,1739604,0
2021-03-07,120,1739604,0
2021-03-07,180,1739604,0
2021-03-07,270,1739604,0
2021-03-08,-1,1790391,0
2021-03-08,30,635873,0
2021-03-08,90,1790391,0
2021-03-08,120,1790391,0
2021-03-08,180,1790391,0
2021-03-08,270,1790391,0
2021-03-09,-1,1843445,0
2021-03-09,30,656002,0
2021-03-09,90,1843445,0
2021-03-09,120,1843445,0
2021-03-09,180,1843445,0
2021-03-09,270,1843445,0
2021-03-10,-1,1902058,0
2021-03-10,30,674182,0
2021-03-10,90,1902058,0
2021-03-10,120,1902058,0
2021-03-10,180,1902058,0
2021-03-10,270,1902058,0
2021-03-11,-1,1965877,0
2021-03-11,30,705138,0
2021-03-11,90,1965877,0
2021-03-11,120,1965877,0
2021-03-11,180,1965877,0
2021-03-11,270,1965877,0
2021-03-12,-1,2030958,0
2021-03-12,30,741807,0
2021-03-12,90,2030958,0
2021-03-12,120,2030958,0
2021-03-12,180,2030958,0
2021-03-12,270,2030958,0
2021-03-13,-1,2082651,0
2021-03-13,30,773121,0
2021-03-13,90,2082651,0
2021-03-13,120,2082651,0
2021-03-13,180,2082651,0
2021-03-13,270,2082651,0
2021-03-14,-1,2118033,0
2021-03-14,30,792284,0
2021-03-14,90,2118033,0
2021-03-14,120,2118033,0
2021-03-14,180,2118033,0
2021-03-14,270,2118033,0
2021-03-15,-1,2191452,0
2021-03-15,30,858464,0
2021-03-15,90,2191452,0
2021-03-15,120,2191452,0
2021-03-15,180,2191452,0
2021-03-15,270,2191452,0
2021-03-16,-1,2265473,0
2021-03-16,30,929624,0
2021-03-16,90,2265473,0
2021-03-16,120,2265473,0
2021-03-16,180,2265473,0
2021-03-16,270,2265473,0
2021-03-17,-1,2348599,0
2021-03-17,30,1005916,0
2021-03-17,90,2348599,0
2021-03-17,120,2348599,0
2021-03-17,180,2348599,0
2021-03-17,270,2348599,0
2021-03-18,-1,2430215,0
2021-03-18,30,1080542,0
2021-03-18,90,2430215,0
2021-03-18,120,2430215,0
2021-03-18,180,2430215,0
2021-03-18,270,2430215,0
2021-03-19,-1,2511293,0
2021-03-19,30,1151103,0
2021-03-19,90,2511293,0
2021-03-19,120,2511293,0
2021-03-19,180,2511293,0
2021-03-19,270,2511293,0
2021-03-20,-1,2575992,0
2021-03-20,30,1206561,0
2021-03-20,90,2575992,0
2021-03-20,120,2575992,0
2021-03-20,180,2575992,0
2021-03-20,270,2575992,0
2021-03-21,-1,2623276,0
2021-03-21,30,1245615,0
2021-03-21,90,2623276,0
2021-03-21,120,2623276,0
2021-03-21,180,2623276,0
2021-03-21,270,2623276,0
2021-03-22,-1,2692740,0
2021-03-22,30,1309549,0
2021-03-22,90,2692740,0
2021-03-22,120,2692740,0
2021-03-22,180,2692740,0
2021-03-22,270,2692740,0
2021-03-23,-1,2768513,0
2021-03-23,30,1382347,0
2021-03-23,90,2768513,0
2021-03-23,120,2768513,0
2021-03-23,180,2768513,0
2021-03-23,270,2768513,0
2021-03-24,-1,2859385,0
2021-03-24,30,1466345,0
2021-03-24,90,2859385,0
2021-03-24,120,2859385,0
2021-03-24,180,2859385,0
2021-03-24,270,2859385,0
2021-03-25,-1,2949161,0
2021-03-25,30,1548968,0
2021-03-25,90,2949161,0
2021-03-25,120,2949161,0
2021-03-25,180,2949161,0
2021-03-25,270,2949161,0
2021-03-26,-1,3032747,0
2021-03-26,30,1622732,0
2021-03-26,90,3032747,0
2021-03-26,120,3032747,0
2021-03-26,180,3032747,0
2021-03-26,270,3032747,0
2021-03-27,-1,3104648,0
2021-03-27,30,1680437,0
2021-03-27,90,3104630,0
2021-03-27,120,3104648,0
2021-03-27,180,3104648,0
2021-03-27,270,3104648,0
2021-03-28,-1,3148757,0
2021-03-28,30,1707002,0
2021-03-28,90,3148737,0
2021-03-28,120,3148757,0
2021-03-28,180,3148757,0
2021-03-28,270,3148757,0
2021-03-29,-1,3219550,0
2021-03-29,30,1763902,0
2021-03-29,90,3219529,0
2021-03-29,120,3219550,0
2021-03-29,180,3219550,0
2021-03-29,270,3219550,0
2021-03-30,-1,3300893,0
2021-03-30,30,1835865,0
2021-03-30,90,3300866,0
2021-03-30,120,3300893,0
2021-03-30,180,3300893,0
2021-03-30,270,3300893,0
2021-03-31,-1,3397086,0
2021-03-31,30,1905554,0
2021-03-31,90,3397008,0
2021-03-31,120,3397086,0
2021-03-31,180,3397086,0
2021-03-31,270,3397086,0
2021-04-01,-1,3492369,0
2021-04-01,30,1967609,0
2021-04-01,90,3492271,0
2021-04-01,120,3492369,0
2021-04-01,180,3492369,0
2021-04-01,270,3492369,0
2021-04-02,-1,3576428,0
2021-04-02,30,2007026,0
2021-04-02,90,3576245,0
2021-04-02,120,3576428,0
2021-04-02,180,3576428,0
2021-04-02,270,3576428,0
2021-04-03,-1,3640718,0
2021-04-03,30,2021028,0
2021-04-03,90,3640468,0
2021-04-03,120,3640718,0
2021-04-03,180,3640718,0
2021-04-03,270,3640718,0
2021-04-04,-1,3662430,0
2021-04-04,30,1987010,0
2021-04-04,90,3662001,0
2021-04-04,120,3662430,0
2021-04-04,180,3662430,0
2021-04-04,270,3662430,0
2021-04-05,-1,3702723,0
2021-04-05,30,1985437,0
2021-04-05,90,3702073,0
2021-04-05,120,3702723,0
2021-04-05,180,3702723,0
2021-04-05,270,3702723,0
2021-04-06,-1,3784009,0
2021-04-06,30,2044405,0
2021-04-06,90,3783183,0
2021-04-06,120,3784009,0
2021-04-06,180,3784009,0
2021-04-06,270,3784009,0
2021-04-07,-1,3879799,0
2021-04-07,30,2089408,0
2021-04-07,90,3878712,0
2021-04-07,120,3879799,0
2021-04-07,180,3879799,0
2021-04-07,270,3879799,0
2021-04-08,-1,3975013,0
2021-04-08,30,2131568,0
2021-04-08,90,3973615,0
2021-04-08,120,3975013,0
2021-04-08,180,3975013,0
2021-04-08,270,3975013,0
2021-04-09,-1,4063476,0
2021-04-09,30,2161418,0
2021-04-09,90,4061847,0
2021-04-09,120,4063476,0
2021-04-09,180,4063476,0
2021-04-09,270,4063476,0
2021-04-10,-1,4137485,0
2021-04-10,30,2171608,0
2021-04-10,90,4135718,0
2021-04-10,120,4137485,0
2021-04-10,180,4137485,0
2021-04-10,270,4137485,0
2021-04-11,-1,4182225,0
2021-04-11,30,2151267,0
2021-04-11,90,4180205,0
2021-04-11,120,4182225,0
2021-04-11,180,4182225,0
2021-04-11,270,4182225,0
2021-04-12,-1,4249122,0
2021-04-12,30,2166471,0
2021-04-12,90,4246844,0
2021-04-12,120,4249122,0
2021-04-12,180,4249122,0
2021-04-12,270,4249122,0
2021-04-13,-1,4321673,0
2021-04-13,30,2203640,0
2021-04-13,90,4319027,0
2021-04-13,120,4321673,0
2021-04-13,180,4321673,0
2021-04-13,270,4321673,0
2021-04-14,-1,4407184,0
2021-04-14,30,2215732,0
2021-04-14,90,4404079,0
2021-04-14,120,4407184,0
2021-04-14,180,4407184,0
2021-04-14,270,4407184,0
2021-04-15,-1,4512574,0
2021-04-15,30,2247101,0
2021-04-15,90,4509188,0
2021-04-15,120,4512574,0
2021-04-15,180,4512574,0
2021-04-15,270,4512574,0
2021-04-16,-1,4618968,0
2021-04-16,30,2270369,0
2021-04-16,90,4615387,0
2021-04-16,120,4618968,0
2021-04-16,180,4618968,0
2021-04-16,270,4618968,0
2021-04-17,-1,4709442,0
2021-04-17,30,2279227,0
2021-04-17,90,4702807,0
2021-04-17,120,4709442,0
2021-04-17,180,4709442,0
2021-04-17,270,4709442,0
2021-04-18,-1,4768020,0
2021-04-18,30,2256727,0
2021-04-18,90,4756180,0
2021-04-18,120,4768020,0
2021-04-18,180,4768020,0
2021-04-18,270,4768020,0
2021-04-19,-1,4861444,0
2021-04-19,30,2285452,0
2021-04-19,90,4847714,0
2021-04-19,120,4861444,0
2021-04-19,180,4861444,0
2021-04-19,270,4861444,0
2021-04-20,-1,4965195,0
2021-04-20,30,2341919,0
2021-04-20,90,4946815,0
2021-04-20,120,4965195,0
2021-04-20,180,4965195,0
2021-04-20,270,4965195,0
2021-04-21,-1,5090513,0
2021-04-21,30,2397773,0
2021-04-21,90,5052124,0
2021-04-21,120,5090513,0
2021-04-21,180,5090513,0
2021-04-21,270,5090513,0
2021-04-22,-1,5234010,0
2021-04-22,30,2465497,0
2021-04-22,90,5181422,0
2021-04-22,120,5234010,0
2021-04-22,180,5234010,0
2021-04-22,270,5234010,0
2021-04-23,-1,5372710,0
2021-04-23,30,2513325,0
2021-04-23,90,5286778,0
2021-04-23,120,5372710,0
2021-04-23,180,5372710,0
2021-04-23,270,5372710,0
2021-04-24,-1,5497135,0
2021-04-24,30,2547974,0
2021-04-24,90,5380409,0
2021-04-24,120,5497135,0
2021-04-24,180,5497135,0
2021-04-24,270,5497135,0
2021-04-25,-1,5558579,0
2021-04-25,30,2525832,0
2021-04-25,90,5377106,0
2021-04-25,120,5558579,0
2021-04-25,180,5558579,0
2021-04-25,270,5558579,0
2021-04-26,-1,5656445,0
2021-04-26,30,2551797,0
2021-04-26,90,5398463,0
2021-04-26,120,5656427,0
2021-04-26,180,5656445,0
2021-04-26,270,5656445,0
2021-04-27,-1,5784785,0
2021-04-27,30,2636028,0
2021-04-27,90,5461947,0
2021-04-27,120,5784765,0
2021-04-27,180,5784785,0
2021-04-27,270,5784785,0
2021-04-28,-1,5941126,0
2021-04-28,30,2721576,0
2021-04-28,90,5528971,0
2021-04-28,120,5941105,0
2021-04-28,180,5941126,0
2021-04-28,270,5941126,0
2021-04-29,-1,6136690,0
2021-04-29,30,2835797,0
2021-04-29,90,5630488,0
2021-04-29,120,6136663,0
2021-04-29,180,6136690,0
2021-04-29,270,6136690,0
2021-04-30,-1,6351232,0
2021-04-30,30,2954146,0
2021-04-30,90,5758444,0
2021-04-30,120,6351154,0
2021-04-30,180,6351232,0
2021-04-30,270,6351232,0
2021-05-01,-1,6525310,0
2021-05-01,30,3032941,0
2021-05-01,90,5875177,0
2021-05-01,120,6525212,0
2021-05-01,180,6525310,0
2021-05-01,270,6525310,0
2021-05-02,-1,6661093,0
2021-05-02,30,3084665,0
2021-05-02,90,5929079,0
2021-05-02,120,6660910,0
2021-05-02,180,6661093,0
2021-05-02,270,6661093,0
2021-05-03,-1,6803079,0
2021-05-03,30,3162361,0
2021-05-03,90,5988915,0
2021-05-03,120,6802829,0
2021-05-03,180,6803079,0
2021-05-03,270,6803079,0
2021-05-04,-1,6961750,0
2021-05-04,30,3299320,0
2021-05-04,90,6056384,0
2021-05-04,120,6961321,0
2021-05-04,180,6961750,0
2021-05-04,270,6961750,0
2021-05-05,-1,7132204,0
2021-05-05,30,3429481,0
2021-05-05,90,6131431,0
2021-05-05,120,7131554,0
2021-05-05,180,7132204,0
2021-05-05,270,7132204,0
2021-05-06,-1,7329979,0
2021-05-06,30,3545970,0
2021-05-06,90,6238912,0
2021-05-06,120,7329153,0
2021-05-06,180,7329979,0
2021-05-06,270,7329979,0
2021-05-07,-1,7543762,0
2021-05-07,30,3663963,0
2021-05-07,90,6389244,0
2021-05-07,120,7542675,0
2021-05-07,180,7543762,0
2021-05-07,270,7543762,0
2021-05-08,-1,7757125,0
2021-05-08,30,3782112,0
2021-05-08,90,6569682,0
2021-05-08,120,7755727,0
2021-05-08,180,7757125,0
2021-05-08,270,7757125,0
2021-05-09,-1,7900305,0
2021-05-09,30,3836829,0
2021-05-09,90,6672429,0
2021-05-09,120,7898676,0
2021-05-09,180,7900305,0
2021-05-09,270,7900305,0
2021-05-10,-1,8065365,0
2021-05-10,30,3927880,0
2021-05-10,90,6804626,0
2021-05-10,120,8063598,0
2021-05-10,180,8065365,0
2021-05-10,270,8065365,0
2021-05-11,-1,8240297,0
2021-05-11,30,4058072,0
2021-05-11,90,6951146,0
2021-05-11,120,8238277,0
2021-05-11,180,8240297,0
2021-05-11,270,8240297,0
2021-05-12,-1,8419416,0
2021-05-12,30,4170294,0
2021-05-12,90,7109886,0
2021-05-12,120,8417138,0
2021-05-12,180,8419416,0
2021-05-12,270,8419416,0
2021-05-13,-1,8622746,0
2021-05-13,30,4301073,0
2021-05-13,90,7296997,0
2021-05-13,120,8620100,0
2021-05-13,180,8622746,0
2021-05-13,270,8622746,0
2021-05-14,-1,8845621,0
2021-05-14,30,4438437,0
2021-05-14,90,7512633,0
2021-05-14,120,8842516,0
2021-05-14,180,8845621,0
2021-05-14,270,8845621,0
2021-05-15,-1,9055933,0
2021-05-15,30,4543359,0
2021-05-15,90,7720084,0
2021-05-15,120,9052547,0
2021-05-15,180,9055933,0
2021-05-15,270,9055933,0
2021-05-16,-1,9215178,0
2021-05-16,30,4596210,0
2021-05-16,90,7872495,0
2021-05-16,120,9211597,0
2021-05-16,180,9215178,0
2021-05-16,270,9215178,0
2021-05-17,-1,9434343,0
2021-05-17,30,4724901,0
2021-05-17,90,8084670,0
2021-05-17,120,9427708,0
2021-05-17,180,9434343,0
2021-05-17,270,9434343,0
2021-05-18,-1,9647330,0
2021-05-18,30,4879310,0
2021-05-18,90,8287140,0
2021-05-18,120,9635490,0
2021-05-18,180,9647330,0
2021-05-18,270,9647330,0
2021-05-19,-1,9854373,0
2021-05-19,30,4992929,0
2021-05-19,90,8484942,0
2021-05-19,120,9840643,0
2021-05-19,180,9854373,0
2021-05-19,270,9854373,0
2021-05-20,-1,10125198,0
2021-05-20,30,5160003,0
2021-05-20,90,8747537,0
2021-05-20,120,10106818,0
2021-05-20,180,10125198,0
2021-05-20,270,10125198,0
2021-05-21,-1,10396036,0
2021-05-21,30,5305523,0
2021-05-21,90,9012845,0
2021-05-21,120,10357647,0
2021-05-21,180,10396036,0
2021-05-21,270,10396036,0
2021-05-22,-1,10641534,0
2021-05-22,30,5407524,0
2021-05-22,90,9255368,0
2021-05-22,120,10588946,0
2021-05-22,180,10641534,0
2021-05-22,270,10641534,0
2021-05-23,-1,10838697,0
2021-05-23,30,5465987,0
2021-05-23,90,9445657,0
2021-05-23,120,10752765,0
2021-05-23,180,10838697,0
2021-05-23,270,10838697,0
2021-05-24,-1,11066972,0
2021-05-24,30,5569837,0
2021-05-24,90,9666779,0
2021-05-24,120,10950246,0
2021-05-24,180,11066972,0
2021-05-24,270,11066972,0
2021-05-25,-1,11312637,0
2021-05-25,30,5754058,0
2021-05-25,90,9902622,0
2021-05-25,120,11131164,0
2021-05-25,180,11312637,0
2021-05-25,270,11312637,0
2021-05-26,-1,11590100,0
2021-05-26,30,5933655,0
2021-05-26,90,10165889,0
2021-05-26,120,11332118,0
2021-05-26,180,11590100,0
2021-05-26,270,11590100,0
2021-05-27,-1,11901153,0
2021-05-27,30,6116368,0
2021-05-27,90,10459398,0
2021-05-27,120,11578315,0
2021-05-27,180,11901153,0
2021-05-27,270,11901153,0
2021-05-28,-1,12200687,0
2021-05-28,30,6259561,0
2021-05-28,90,10745039,0
2021-05-28,120,11788532,0
2021-05-28,180,12200687,0
2021-05-28,270,12200687,0
2021-05-29,-1,12431861,0
2021-05-29,30,6295171,0
2021-05-29,90,10966833,0
2021-05-29,120,11925659,0
2021-05-29,180,12431861,0
2021-05-29,270,12431861,0
2021-05-30,-1,12602666,0
2021-05-30,30,6251434,0
2021-05-30,90,11111134,0
2021-05-30,120,12009878,0
2021-05-30,180,12602666,0
2021-05-30,270,12602666,0
2021-05-31,-1,12819046,0
2021-05-31,30,6293736,0
2021-05-31,90,11294286,0
2021-05-31,120,12168913,0
2021-05-31,180,12819046,0
2021-05-31,270,12819046,0
2021-06-01,-1,13026658,0
2021-06-01,30,6365565,0
2021-06-01,90,11457256,0
2021-06-01,120,12294644,0
2021-06-01,180,13026658,0
2021-06-01,270,13026658,0
2021-06-02,-1,13142404,0
2021-06-02,30,6339325,0
2021-06-02,90,11522714,0
2021-06-02,120,12328240,0
2021-06-02,180,13142404,0
2021-06-02,270,13142404,0
2021-06-03,-1,13322475,0
2021-06-03,30,6360725,0
2021-06-03,90,11647055,0
2021-06-03,120,12417109,0
2021-06-03,180,13322475,0
2021-06-03,270,13322475,0
2021-06-04,-1,13507286,0
2021-06-04,30,6375082,0
2021-06-04,90,11790000,0
2021-06-04,120,12506513,0
2021-06-04,180,13507286,0
2021-06-04,270,13507286,0
2021-06-05,-1,13693173,0
2021-06-05,30,6363194,0
2021-06-05,90,11953569,0
2021-06-05,120,12602106,0
2021-06-05,180,13693173,0
2021-06-05,270,13693173,0
2021-06-06,-1,13832655,0
2021-06-06,30,6288893,0
2021-06-06,90,12042264,0
2021-06-06,120,12678137,0
2021-06-06,180,13832655,0
2021-06-06,270,13832655,0
2021-06-07,-1,13994443,0
2021-06-07,30,6237318,0
2021-06-07,90,12150998,0
2021-06-07,120,12807000,0
2021-06-07,180,13994443,0
2021-06-07,270,13994443,0
2021-06-08,-1,14165556,0
2021-06-08,30,6265251,0
2021-06-08,90,12263498,0
2021-06-08,120,12937680,0
2021-06-08,180,14165556,0
2021-06-08,270,14165556,0
2021-06-09,-1,14336934,0
2021-06-09,30,6271569,0
2021-06-09,90,12371057,0
2021-06-09,120,13076195,0
2021-06-09,180,14336934,0
2021-06-09,270,14336934,0
2021-06-10,-1,14510913,0
2021-06-10,30,6270616,0
2021-06-10,90,12479955,0
2021-06-10,120,13221762,0
2021-06-10,180,14510913,0
2021-06-10,270,14510913,0
2021-06-11,-1,14680805,0
2021-06-11,30,6261389,0
2021-06-11,90,12598154,0
2021-06-11,120,13371275,0
2021-06-11,180,14680805,0
2021-06-11,270,14680805,0
2021-06-12,-1,14809072,0
2021-06-12,30,6186326,0
2021-06-12,90,12691039,0
2021-06-12,120,13483323,0
2021-06-12,180,14809072,0
2021-06-12,270,14809072,0
2021-06-13,-1,14900180,0
2021-06-13,30,6054559,0
2021-06-13,90,12708728,0
2021-06-13,120,13567192,0
2021-06-13,180,14900180,0
2021-06-13,270,14900180,0
2021-06-14,-1,15114788,0
2021-06-14,30,6058855,0
2021-06-14,90,12849315,0
2021-06-14,120,13778939,0
2021-06-14,180,15114788,0
2021-06-14,270,15114788,0
2021-06-15,-1,15343126,0
2021-06-15,30,6127948,0
2021-06-15,90,12994527,0
2021-06-15,120,14000443,0
2021-06-15,180,15343126,0
2021-06-15,270,15343126,0
2021-06-16,-1,15596127,0
2021-06-16,30,6161784,0
2021-06-16,90,13165912,0
2021-06-16,120,14246454,0
2021-06-16,180,15596127,0
2021-06-16,270,15596127,0
2021-06-17,-1,15897794,0
2021-06-17,30,6250464,0
2021-06-17,90,13386501,0
2021-06-17,120,14537604,0
2021-06-17,180,15897794,0
2021-06-17,270,15897794,0
2021-06-18,-1,16204016,0
2021-06-18,30,6349643,0
2021-06-18,90,13628024,0
2021-06-18,120,14834585,0
2021-06-18,180,16204016,0
2021-06-18,270,16204016,0
2021-06-19,-1,16479040,0
2021-06-19,30,6353842,0
2021-06-19,90,13855764,0
2021-06-19,120,15101379,0
2021-06-19,180,16479040,0
2021-06-19,270,16479040,0
2021-06-20,-1,16699731,0
2021-06-20,30,6303695,0
2021-06-20,90,14006991,0
2021-06-20,120,15316540,0
2021-06-20,180,16699731,0
2021-06-20,270,16699731,0
2021-06-21,-1,16987735,0
2021-06-21,30,6346201,0
2021-06-21,90,14219222,0
2021-06-21,120,15601569,0
2021-06-21,180,16987735,0
2021-06-21,270,16987735,0
2021-06-22,-1,17283888,0
2021-06-22,30,6445191,0
2021-06-22,90,14424503,0
2021-06-22,120,15890848,0
2021-06-22,180,17283888,0
2021-06-22,270,17283888,0
2021-06-23,-1,17586535,0
2021-06-23,30,6519563,0
2021-06-23,90,14637374,0
2021-06-23,120,16186342,0
2021-06-23,180,17586535,0
2021-06-23,270,17586535,0
2021-06-24,-1,17919058,0
2021-06-24,30,6606421,0
2021-06-24,90,14886311,0
2021-06-24,120,16509043,0
2021-06-24,180,17919058,0
2021-06-24,270,17919058,0
2021-06-25,-1,18267731,0
2021-06-25,30,6677631,0
2021-06-25,90,15163083,0
2021-06-25,120,16843520,0
2021-06-25,180,18267713,0
2021-06-25,270,18267731,0
2021-06-26,-1,18567799,0
2021-06-26,30,6666646,0
2021-06-26,90,15419042,0
2021-06-26,120,17126044,0
2021-06-26,180,18567779,0
2021-06-26,270,18567799,0
2021-06-27,-1,18796392,0
2021-06-27,30,6595705,0
2021-06-27,90,15576842,0
2021-06-27,120,17340744,0
2021-06-27,180,18796371,0
2021-06-27,270,18796392,0
2021-06-28,-1,19103395,0
2021-06-28,30,6671534,0
2021-06-28,90,15802502,0
2021-06-28,120,17638367,0
2021-06-28,180,19103368,0
2021-06-28,270,19103395,0
2021-06-29,-1,19432594,0
2021-06-29,30,6829928,0
2021-06-29,90,16035508,0
2021-06-29,120,17941062,0
2021-06-29,180,19432516,0
2021-06-29,270,19432594,0
2021-06-30,-1,19774662,0
2021-06-30,30,6955616,0
2021-06-30,90,16282293,0
2021-06-30,120,18249902,0
2021-06-30,180,19774564,0
2021-06-30,270,19774662,0
2021-07-01,-1,20137784,0
2021-07-01,30,7111126,0
2021-07-01,90,16561356,0
2021-07-01,120,18568382,0
2021-07-01,180,20137601,0
2021-07-01,270,20137784,0
2021-07-02,-1,20506198,0
2021-07-02,30,7363794,0
2021-07-02,90,16865480,0
2021-07-02,120,18886508,0
2021-07-02,180,20505948,0
2021-07-02,270,20506198,0
2021-07-03,-1,20877253,0
2021-07-03,30,7554778,0
2021-07-03,90,17214823,0
2021-07-03,120,19201833,0
2021-07-03,180,20876824,0
2021-07-03,270,20877253,0
2021-07-04,-1,21160431,0
2021-07-04,30,7653145,0
2021-07-04,90,17457708,0
2021-07-04,120,19443145,0
2021-07-04,180,21159781,0
2021-07-04,270,21160431,0
2021-07-05,-1,21544921,0
2021-07-05,30,7851748,0
2021-07-05,90,17760912,0
2021-07-05,120,19805317,0
2021-07-05,180,21544095,0
2021-07-05,270,21544921,0
2021-07-06,-1,21930328,0
2021-07-06,30,8097673,0
2021-07-06,90,18050529,0
2021-07-06,120,20139937,0
2021-07-06,180,21929241,0
2021-07-06,270,21930328,0
2021-07-07,-1,22342372,0
2021-07-07,30,8347929,0
2021-07-07,90,18367359,0
2021-07-07,120,20498927,0
2021-07-07,180,22340974,0
2021-07-07,270,22342372,0
2021-07-08,-1,22822004,0
2021-07-08,30,8656448,0
2021-07-08,90,18758528,0
2021-07-08,120,20919946,0
2021-07-08,180,22820375,0
2021-07-08,270,22822004,0
2021-07-09,-1,23320510,0
2021-07-09,30,8983576,0
2021-07-09,90,19183025,0
2021-07-09,120,21354633,0
2021-07-09,180,23318743,0
2021-07-09,270,23320510,0
2021-07-10,-1,23795689,0
2021-07-10,30,9284776,0
2021-07-10,90,19613464,0
2021-07-10,120,21764731,0
2021-07-10,180,23793669,0
2021-07-10,270,23795689,0
2021-07-11,-1,24153390,0
2021-07-11,30,9472585,0
2021-07-11,90,19904268,0
2021-07-11,120,22070739,0
2021-07-11,180,24151112,0
2021-07-11,270,24153390,0
2021-07-12,-1,24639311,0
2021-07-12,30,9830239,0
2021-07-12,90,20317638,0
2021-07-12,120,22521278,0
2021-07-12,180,24636665,0
2021-07-12,270,24639311,0
2021-07-13,-1,25131467,0
2021-07-13,30,10231287,0
2021-07-13,90,20724283,0
2021-07-13,120,22940015,0
2021-07-13,180,25128362,0
2021-07-13,270,25131467,0
2021-07-14,-1,25611956,0
2021-07-14,30,10497168,0
2021-07-14,90,21099382,0
2021-07-14,120,23346483,0
2021-07-14,180,25608570,0
2021-07-14,270,25611956,0
2021-07-15,-1,26135478,0
2021-07-15,30,10792352,0
2021-07-15,90,21516510,0
2021-07-15,120,23786879,0
2021-07-15,180,26131897,0
2021-07-15,270,26135478,0
2021-07-16,-1,26645271,0
2021-07-16,30,11049144,0
2021-07-16,90,21935829,0
2021-07-16,120,24215056,0
2021-07-16,180,26638636,0
2021-07-16,270,26645271,0
2021-07-17,-1,27109651,0
2021-07-17,30,11211857,0
2021-07-17,90,22341631,0
2021-07-17,120,24598358,0
2021-07-17,180,27097811,0
2021-07-17,270,27109651,0
2021-07-18,-1,27474357,0
2021-07-18,30,11270341,0
2021-07-18,90,22612913,0
2021-07-18,120,24898365,0
2021-07-18,180,27460627,0
2021-07-18,270,27474357,0
2021-07-19,-1,27937436,0
2021-07-19,30,11458396,0
2021-07-19,90,22972241,0
2021-07-19,120,25314160,0
2021-07-19,180,27919056,0
2021-07-19,270,27937436,0
2021-07-20,-1,28395544,0
2021-07-20,30,11695813,0
2021-07-20,90,23305031,0
2021-07-20,120,25702804,0
2021-07-20,180,28357155,0
2021-07-20,270,28395544,0
2021-07-21,-1,28858359,0
2021-07-21,30,11870624,0
2021-07-21,90,23624349,0
2021-07-21,120,26089846,0
2021-07-21,180,28805771,0
2021-07-21,270,28858359,0
2021-07-22,-1,29333756,0
2021-07-22,30,12049868,0
2021-07-22,90,23961046,0
2021-07-22,120,26474371,0
2021-07-22,180,29247824,0
2021-07-22,270,29333756,0
2021-07-23,-1,29775069,0
2021-07-23,30,12188534,0
2021-07-23,90,24277934,0
2021-07-23,120,26825908,0
2021-07-23,180,29658343,0
2021-07-23,270,29775069,0
2021-07-24,-1,30161257,0
2021-07-24,30,12242199,0
2021-07-24,90,24602678,0
2021-07-24,120,27128510,0
2021-07-24,180,29979784,0
2021-07-24,270,30161257,0
2021-07-25,-1,30448871,0
2021-07-25,30,12181140,0
2021-07-25,90,24792426,0
2021-07-25,120,27344223,0
2021-07-25,180,30190889,0
2021-07-25,270,30448871,0
2021-07-26,-1,30879781,0
2021-07-26,30,12311982,0
2021-07-26,90,25094996,0
2021-07-26,120,27731024,0
2021-07-26,180,30556943,0
2021-07-26,270,30879781,0
2021-07-27,-1,31319910,0
2021-07-27,30,12523518,0
2021-07-27,90,25378784,0
2021-07-27,120,28100360,0
2021-07-27,180,30907755,0
2021-07-27,270,31319910,0
2021-07-28,-1,31710936,0
2021-07-28,30,12607541,0
2021-07-28,90,25574246,0
2021-07-28,120,28410043,0
2021-07-28,180,31204734,0
2021-07-28,270,31710936,0
2021-07-29,-1,32083017,0
2021-07-29,30,12650423,0
2021-07-29,90,25731785,0
2021-07-29,120,28685931,0
2021-07-29,180,31490229,0
2021-07-29,270,32083017,0
2021-07-30,-1,32424501,0
2021-07-30,30,12649839,0
2021-07-30,90,25899191,0
2021-07-30,120,28932132,0
2021-07-30,180,31774368,0
2021-07-30,270,32424501,0
2021-07-31,-1,32711490,0
2021-07-31,30,12573706,0
2021-07-31,90,26050397,0
2021-07-31,120,29135062,0
2021-07-31,180,31979476,0
2021-07-31,270,32711490,0
2021-08-01,-1,32902510,0
2021-08-01,30,12396312,0
2021-08-01,90,26099431,0
2021-08-01,120,29261792,0
2021-08-01,180,32088346,0
2021-08-01,270,32902510,0
2021-08-02,-1,33236230,0
2021-08-02,30,12358977,0
2021-08-02,90,26274480,0
2021-08-02,120,29573800,0
2021-08-02,180,32330864,0
2021-08-02,270,33236230,0
2021-08-03,-1,33559410,0
2021-08-03,30,12398979,0
2021-08-03,90,26427206,0
2021-08-03,120,29856687,0
2021-08-03,180,32558637,0
2021-08-03,270,33559410,0
2021-08-04,-1,33870367,0
2021-08-04,30,12325446,0
2021-08-04,90,26540388,0
2021-08-04,120,30086358,0
2021-08-04,180,32779300,0
2021-08-04,270,33870367,0
2021-08-05,-1,34162884,0
2021-08-05,30,12232556,0
2021-08-05,90,26619122,0
2021-08-05,120,30283085,0
2021-08-05,180,33008366,0
2021-08-05,270,34162884,0
2021-08-06,-1,34422868,0
2021-08-06,30,12080496,0
2021-08-06,90,26665743,0
2021-08-06,120,30447855,0
2021-08-06,180,33235425,0
2021-08-06,270,34422868,0
2021-08-07,-1,34621897,0
2021-08-07,30,11799893,0
2021-08-07,90,26721592,0
2021-08-07,120,30558421,0
2021-08-07,180,33394021,0
2021-08-07,270,34621897,0
2021-08-08,-1,34774997,0
2021-08-08,30,11454487,0
2021-08-08,90,26709632,0
2021-08-08,120,30637512,0
2021-08-08,180,33514258,0
2021-08-08,270,34774997,0
2021-08-09,-1,35009058,0
2021-08-09,30,11213369,0
2021-08-09,90,26768761,0
2021-08-09,120,30826833,0
2021-08-09,180,33719907,0
2021-08-09,270,35009058,0
2021-08-10,-1,35214294,0
2021-08-10,30,11060904,0
2021-08-10,90,26794878,0
2021-08-10,120,30965172,0
2021-08-10,180,33904764,0
2021-08-10,270,35214294,0
2021-08-11,-1,35408024,0
2021-08-11,30,10768713,0
2021-08-11,90,26785278,0
2021-08-11,120,31086351,0
2021-08-11,180,34082275,0
2021-08-11,270,35408024,0
2021-08-12,-1,35575963,0
2021-08-12,30,10444496,0
2021-08-12,90,26730342,0
2021-08-12,120,31168779,0
2021-08-12,180,34242975,0
2021-08-12,270,35575963,0
2021-08-13,-1,35724537,0
2021-08-13,30,10112581,0
2021-08-13,90,26668604,0
2021-08-13,120,31211963,0
2021-08-13,180,34388688,0
2021-08-13,270,35724537,0
2021-08-14,-1,35790618,0
2021-08-14,30,9655140,0
2021-08-14,90,26575440,0
2021-08-14,120,31171650,0
2021-08-14,180,34447935,0
2021-08-14,270,35790618,0
2021-08-15,-1,35816948,0
2021-08-15,30,9171677,0
2021-08-15,90,26382605,0
2021-08-15,120,31107506,0
2021-08-15,180,34467275,0
2021-08-15,270,35816948,0
2021-08-16,-1,35931609,0
2021-08-16,30,8821958,0
2021-08-16,90,26284279,0
2021-08-16,120,31163589,0
2021-08-16,180,34571419,0
2021-08-16,270,35931609,0
2021-08-17,-1,36060834,0
2021-08-17,30,8586477,0
2021-08-17,90,26206461,0
2021-08-17,120,31199390,0
2021-08-17,180,34691403,0
2021-08-17,270,36060834,0
2021-08-18,-1,36189554,0
2021-08-18,30,8252118,0
2021-08-18,90,26064356,0
2021-08-18,120,31224359,0
2021-08-18,180,34811893,0
2021-08-18,270,36189554,0
2021-08-19,-1,36314319,0
2021-08-19,30,7918775,0
2021-08-19,90,25918283,0
2021-08-19,120,31223806,0
2021-08-19,180,34931128,0
2021-08-19,270,36314319,0
2021-08-20,-1,36438090,0
2021-08-20,30,7579731,0
2021-08-20,90,25796556,0
2021-08-20,120,31204080,0
2021-08-20,180,35051924,0
2021-08-20,270,36438090,0
2021-08-21,-1,36521186,0
2021-08-21,30,7187430,0
2021-08-21,90,25682489,0
2021-08-21,120,31148476,0
2021-08-21,180,35128146,0
2021-08-21,270,36521186,0
2021-08-22,-1,36589345,0
2021-08-22,30,6814276,0
2021-08-22,90,25522373,0
2021-08-22,120,31092210,0
2021-08-22,180,35189152,0
2021-08-22,270,36589345,0
2021-08-23,-1,36766203,0
2021-08-23,30,6604946,0
2021-08-23,90,25453566,0
2021-08-23,120,31207624,0
2021-08-23,180,35356188,0
2021-08-23,270,36766203,0
2021-08-24,-1,36923097,0
2021-08-24,30,6474226,0
2021-08-24,90,25332997,0
2021-08-24,120,31266652,0
2021-08-24,180,35498886,0
2021-08-24,270,36923097,0
2021-08-25,-1,37100265,0
2021-08-25,30,6220484,0
2021-08-25,90,25199112,0
2021-08-25,120,31315480,0
2021-08-25,180,35658510,0
2021-08-25,270,37100265,0
2021-08-26,-1,37272603,0
2021-08-26,30,5952693,0
2021-08-26,90,25071916,0
2021-08-26,120,31331477,0
2021-08-26,180,35816955,0
2021-08-26,270,37272603,0
2021-08-27,-1,37458458,0
2021-08-27,30,5747522,0
2021-08-27,90,25026597,0
2021-08-27,120,31321768,0
2021-08-27,180,35993430,0
2021-08-27,270,37458458,0
2021-08-28,-1,37598721,0
2021-08-28,30,5515704,0
2021-08-28,90,24996055,0
2021-08-28,120,31247489,0
2021-08-28,180,36107189,0
2021-08-28,270,37598721,0
2021-08-29,-1,37697731,0
2021-08-29,30,5273230,0
2021-08-29,90,24878685,0
2021-08-29,120,31172421,0
2021-08-29,180,36172971,0
2021-08-29,270,37697731,0
2021-08-30,-1,37907357,0
2021-08-30,30,5195867,0
2021-08-30,90,24880699,0
2021-08-30,120,31246264,0
2021-08-30,180,36337955,0
2021-08-30,270,37907357,0
2021-08-31,-1,38101975,0
2021-08-31,30,5199465,0
2021-08-31,90,24959571,0
2021-08-31,120,31298896,0
2021-08-31,180,36482285,0
2021-08-31,270,38101975,0
2021-09-01,-1,38294184,0
2021-09-01,30,5057954,0
2021-09-01,90,24971709,0
2021-09-01,120,31332434,0
2021-09-01,180,36618764,0
2021-09-01,270,38294184,0
2021-09-02,-1,38484118,0
2021-09-02,30,4924708,0
2021-09-02,90,24976832,0
2021-09-02,120,31351914,0
2021-09-02,180,36766832,0
2021-09-02,270,38484118,0
2021-09-03,-1,38675469,0
2021-09-03,30,4805102,0
2021-09-03,90,24982296,0
2021-09-03,120,31345490,0
2021-09-03,180,36935865,0
2021-09-03,270,38675469,0
2021-09-04,-1,38806961,0
2021-09-04,30,4644077,0
2021-09-04,90,24974306,0
2021-09-04,120,31263199,0
2021-09-04,180,37016570,0
2021-09-04,270,38806961,0
2021-09-05,-1,38894836,0
2021-09-05,30,4471968,0
2021-09-05,90,24900393,0
2021-09-05,120,31137711,0
2021-09-05,180,37051391,0
2021-09-05,270,38894836,0
2021-09-06,-1,39088499,0
2021-09-06,30,4466602,0
2021-09-06,90,24922943,0
2021-09-06,120,31188194,0
2021-09-06,180,37186441,0
2021-09-06,270,39088499,0
2021-09-07,-1,39284575,0
2021-09-07,30,4509578,0
2021-09-07,90,24947641,0
2021-09-07,120,31219210,0
2021-09-07,180,37318698,0
2021-09-07,270,39284575,0
2021-09-08,-1,39472496,0
2021-09-08,30,4463438,0
2021-09-08,90,24961583,0
2021-09-08,120,31232199,0
2021-09-08,180,37441538,0
2021-09-08,270,39472496,0
2021-09-09,-1,39673980,0
2021-09-09,30,4459686,0
2021-09-09,90,24993175,0
2021-09-09,120,31254564,0
2021-09-09,180,37591329,0
2021-09-09,270,39673980,0
2021-09-10,-1,39872096,0
2021-09-10,30,4464072,0
2021-09-10,90,25063024,0
2021-09-10,120,31249350,0
2021-09-10,180,37754063,0
2021-09-10,270,39872096,0
2021-09-11,-1,40013433,0
2021-09-11,30,4437470,0
2021-09-11,90,25113253,0
2021-09-11,120,31167812,0
2021-09-11,180,37821981,0
2021-09-11,270,40013433,0
2021-09-12,-1,40103041,0
2021-09-12,30,4378504,0
2021-09-12,90,24988253,0
2021-09-12,120,31047108,0
2021-09-12,180,37837568,0
2021-09-12,270,40103041,0
2021-09-13,-1,40294229,513
2021-09-13,30,4503611,513
2021-09-13,90,24951103,513
2021-09-13,120,31079051,513
2021-09-13,180,37945630,513
2021-09-13,270,40294229,513
2021-09-14,-1,40471506,1061
2021-09-14,30,4654558,1061
2021-09-14,90,24875379,1061
2021-09-14,120,31037163,1061
2021-09-14,180,38041291,1061
2021-09-14,270,40471506,1061
2021-09-15,-1,40634633,1613
2021-09-15,30,4703024,1613
2021-09-15,90,24736839,1613
2021-09-15,120,30987303,1613
2021-09-15,180,38123340,1613
2021-09-15,270,40634633,1613
2021-09-16,-1,40794735,2505
2021-09-16,30,4733901,2505
2021-09-16,90,24590719,2505
2021-09-16,120,30940362,2505
2021-09-16,180,38218743,2505
2021-09-16,270,40794735,2505
2021-09-17,-1,40944905,3593
2021-09-17,30,4755351,3593
2021-09-17,90,24465865,3593
2021-09-17,120,30819707,3593
2021-09-17,180,38321629,3593
2021-09-17,270,40944905,3593
2021-09-18,-1,41072877,4307
2021-09-18,30,4758558,4307
2021-09-18,90,24373146,4307
2021-09-18,120,30676841,4307
2021-09-18,180,38380137,4307
2021-09-18,270,41072877,4307
2021-09-19,-1,41154007,4785
2021-09-19,30,4715917,4785
2021-09-19,90,24166272,4785
2021-09-19,120,30512473,4785
2021-09-19,180,38385494,4785
2021-09-19,270,41154007,4785
2021-09-20,-1,41334086,13830
2021-09-20,30,4812900,13830
2021-09-20,90,24050198,13830
2021-09-20,120,30495389,13830
2021-09-20,180,38474701,13830
2021-09-20,270,41334086,13830
2021-09-21,-1,41500695,22641
2021-09-21,30,4911350,22641
2021-09-21,90,23914160,22641
2021-09-21,120,30433723,22641
2021-09-21,180,38551534,22641
2021-09-21,270,41500695,22641
2021-09-22,-1,41659755,32055
2021-09-22,30,4893552,32055
2021-09-22,90,23740697,32055
2021-09-22,120,30347118,32055
2021-09-22,180,38627008,32055
2021-09-22,270,41659755,32055
2021-09-23,-1,41797819,41363
2021-09-23,30,4874722,41363
2021-09-23,90,23530088,41363
2021-09-23,120,30207719,41363
2021-09-23,180,38693171,41363
2021-09-23,270,41797801,41363
2021-09-24,-1,41938342,50303
2021-09-24,30,4838077,50303
2021-09-24,90,23370543,50303
2021-09-24,120,30037189,50303
2021-09-24,180,38789585,50303
2021-09-24,270,41938322,50303
2021-09-25,-1,42057873,55924
2021-09-25,30,4785270,55924
2021-09-25,90,23261481,55924
2021-09-25,120,29857186,55924
2021-09-25,180,38838323,55924
2021-09-25,270,42057852,55924
2021-09-26,-1,42129815,60256
2021-09-26,30,4671357,60256
2021-09-26,90,23026420,60256
2021-09-26,120,29697954,60256
2021-09-26,180,38828922,60256
2021-09-26,270,42129788,60256
2021-09-27,-1,42265427,70286
2021-09-27,30,4666706,70286
2021-09-27,90,22832833,70286
2021-09-27,120,29662761,70286
2021-09-27,180,38868341,70286
2021-09-27,270,42265349,70286
2021-09-28,-1,42382891,81655
2021-09-28,30,4685160,81655
2021-09-28,90,22608229,81655
2021-09-28,120,29563845,81655
2021-09-28,180,38890522,81655
2021-09-28,270,42382793,81655
2021-09-29,-1,42495193,93474
2021-09-29,30,4587836,93474
2021-09-29,90,22357409,93474
2021-09-29,120,29468535,93474
2021-09-29,180,38918765,93474
2021-09-29,270,42495010,93474
2021-09-30,-1,42605404,108400
2021-09-30,30,4503429,108400
2021-09-30,90,22099206,108400
2021-09-30,120,29463000,108400
2021-09-30,180,38964686,108400
2021-09-30,270,42605154,108400
2021-10-01,-1,42700352,127496
2021-10-01,30,4406168,127496
2021-10-01,90,21823099,127496
2021-10-01,120,29377877,127496
2021-10-01,180,39037922,127496
2021-10-01,270,42699923,127496
2021-10-02,-1,42778805,141505
2021-10-02,30,4294687,141505
2021-10-02,90,21618374,141505
2021-10-02,120,29271519,141505
2021-10-02,180,39076082,141505
2021-10-02,270,42778155,141505
2021-10-03,-1,42826515,149156
2021-10-03,30,4151046,149156
2021-10-03,90,21281594,149156
2021-10-03,120,29133342,149156
2021-10-03,180,39042506,149156
2021-10-03,270,42825689,149156
2021-10-04,-1,42914884,183591
2021-10-04,30,4107923,183591
2021-10-04,90,20984556,183591
2021-10-04,120,29082229,183591
2021-10-04,180,39035085,183591
2021-10-04,270,42913797,183591
2021-10-05,-1,42995234,217552
2021-10-05,30,4100398,217552
2021-10-05,90,20652862,217552
2021-10-05,120,29000791,217552
2021-10-05,180,39020221,217552
2021-10-05,270,42993836,217552
2021-10-06,-1,43067200,251695
2021-10-06,30,3978701,251695
2021-10-06,90,20245196,251695
2021-10-06,120,28901644,251695
2021-10-06,180,39003724,251695
2021-10-06,270,43065571,251695
2021-10-07,-1,43139033,286029
2021-10-07,30,3854458,286029
2021-10-07,90,19818523,286029
2021-10-07,120,28802099,286029
2021-10-07,180,39001548,286029
2021-10-07,270,43137266,286029
2021-10-08,-1,43219639,319608
2021-10-08,30,3747143,319608
2021-10-08,90,19423950,319608
2021-10-08,120,28708726,319608
2021-10-08,180,39037414,319608
2021-10-08,270,43217619,319608
2021-10-09,-1,43295729,341765
2021-10-09,30,3621749,341765
2021-10-09,90,19142339,341765
2021-10-09,120,28614924,341765
2021-10-09,180,39046607,341765
2021-10-09,270,43293451,341765
2021-10-10,-1,43341497,355373
2021-10-10,30,3469401,355373
2021-10-10,90,18702186,355373
2021-10-10,120,28532425,355373
2021-10-10,180,39019824,355373
2021-10-10,270,43338851,355373
2021-10-11,-1,43428890,396465
2021-10-11,30,3415457,396465
2021-10-11,90,18297423,396465
2021-10-11,120,28528710,396465
2021-10-11,180,39021706,396465
2021-10-11,270,43425785,396465
2021-10-12,-1,43513364,443348
2021-10-12,30,3410323,443348
2021-10-12,90,17901408,443348
2021-10-12,120,28398576,443348
2021-10-12,180,39000790,443348
2021-10-12,270,43509978,443348
2021-10-13,-1,43601542,495441
2021-10-13,30,3307313,494928
2021-10-13,90,17466064,495441
2021-10-13,120,28258416,495441
2021-10-13,180,38982574,495441
2021-10-13,270,43597961,495441
2021-10-14,-1,43693047,553925
2021-10-14,30,3221541,552864
2021-10-14,90,17047776,553925
2021-10-14,120,28096920,553925
2021-10-14,180,38983605,553925
2021-10-14,270,43686412,553925
2021-10-15,-1,43786622,609525
2021-10-15,30,3151989,607912
2021-10-15,90,16676971,609525
2021-10-15,120,27888828,609525
2021-10-15,180,39018602,609525
2021-10-15,270,43774782,609525
2021-10-16,-1,43869574,646291
2021-10-16,30,3074839,643786
2021-10-16,90,16395217,646291
2021-10-16,120,27665558,646291
2021-10-16,180,39008130,646291
2021-10-16,270,43855844,646291
2021-10-17,-1,43921031,670109
2021-10-17,30,2976126,666516
2021-10-17,90,15983595,670109
2021-10-17,120,27441991,670109
2021-10-17,180,38955836,670109
2021-10-17,270,43902651,670109
2021-10-18,-1,44011309,729576
2021-10-18,30,2938432,725269
2021-10-18,90,15615765,729576
2021-10-18,120,27311578,729576
2021-10-18,180,38920796,729576
2021-10-18,270,43972920,729576
2021-10-19,-1,44089641,798937
2021-10-19,30,2935634,794152
2021-10-19,90,15231282,798937
2021-10-19,120,27101906,798937
2021-10-19,180,38855631,798937
2021-10-19,270,44037053,798937
2021-10-20,-1,44164713,877076
2021-10-20,30,2830627,863246
2021-10-20,90,14830957,877076
2021-10-20,120,26880825,877076
2021-10-20,180,38792003,877076
2021-10-20,270,44078781,877076
2021-10-21,-1,44243016,958805
2021-10-21,30,2742321,936164
2021-10-21,90,14467947,958805
2021-10-21,120,26656481,958805
2021-10-21,180,38745881,958805
2021-10-21,270,44126290,958805
2021-10-22,-1,44316811,1035809
2021-10-22,30,2657056,1003754
2021-10-22,90,14155554,1035809
2021-10-22,120,26397753,1035809
2021-10-22,180,38758232,1035809
2021-10-22,270,44135338,1035809
2021-10-23,-1,44377619,1087754
2021-10-23,30,2579800,1046391
2021-10-23,90,13928748,1087754
2021-10-23,120,26109888,1087754
2021-10-23,180,38721174,1087754
2021-10-23,270,44119637,1087754
2021-10-24,-1,44411007,1111189
2021-10-24,30,2472665,1060886
2021-10-24,90,13531226,1111189
2021-10-24,120,25843208,1111189
2021-10-24,180,38626222,1111189
2021-10-24,270,44088169,1111189
2021-10-25,-1,44475907,1192800
2021-10-25,30,2418034,1136876
2021-10-25,90,13155997,1192800
2021-10-25,120,25679515,1192800
2021-10-25,180,38534781,1192800
2021-10-25,270,44063752,1192800
2021-10-26,-1,44534273,1284565
2021-10-26,30,2404458,1224309
2021-10-26,90,12823337,1284565
2021-10-26,120,25430878,1284565
2021-10-26,180,38397583,1284565
2021-10-26,270,44028071,1284565
2021-10-27,-1,44592599,1388508
2021-10-27,30,2327172,1318222
2021-10-27,90,12509582,1388508
2021-10-27,120,25160005,1388508
2021-10-27,180,38241367,1388508
2021-10-27,270,43999811,1388508
2021-10-28,-1,44654058,1502596
2021-10-28,30,2271167,1420941
2021-10-28,90,12229557,1502596
2021-10-28,120,24879396,1502596
2021-10-28,180,38128748,1502596
2021-10-28,270,44003925,1502596
2021-10-29,-1,44715728,1605682
2021-10-29,30,2220535,1512208
2021-10-29,90,12004238,1605682
2021-10-29,120,24577944,1605682
2021-10-29,180,38054635,1605682
2021-10-29,270,43983714,1605682
2021-10-30,-1,44766401,1673784
2021-10-30,30,2160997,1565384
2021-10-30,90,11863891,1673784
2021-10-30,120,24260203,1673784
2021-10-30,180,37963322,1673784
2021-10-30,270,43952237,1673784
2021-10-31,-1,44791568,1702064
2021-10-31,30,2091216,1574568
2021-10-31,90,11555338,1702064
2021-10-31,120,23914315,1702064
2021-10-31,180,37829818,1702064
2021-10-31,270,43886202,1702064
2021-11-01,-1,44810614,1730209
2021-11-01,30,2031809,1588704
2021-11-01,90,11251204,1730209
2021-11-01,120,23650183,1730209
2021-11-01,180,37678410,1730209
2021-11-01,270,43809841,1730209
2021-11-02,-1,44873393,1819556
2021-11-02,30,2046878,1670400
2021-11-02,90,11003026,1819556
2021-11-02,120,23328472,1819556
2021-11-02,180,37543414,1819556
2021-11-02,270,43782326,1819556
2021-11-03,-1,44934124,1938203
2021-11-03,30,2019240,1754612
2021-11-03,90,10771240,1938203
2021-11-03,120,23003796,1938203
2021-11-03,180,37390362,1938203
2021-11-03,270,43779606,1938203
2021-11-04,-1,44993371,2064843
2021-11-04,30,1998137,1847291
2021-11-04,90,10570503,2064843
2021-11-04,120,22650999,2064843
2021-11-04,180,37236246,2064843
2021-11-04,270,43805928,2064843
2021-11-05,-1,45056471,2199997
2021-11-05,30,1989271,1948302
2021-11-05,90,10434574,2199997
2021-11-05,120,22234467,2199997
2021-11-05,180,37156166,2199997
2021-11-05,270,43828595,2199997
2021-11-06,-1,45102942,2290912
2021-11-06,30,1963909,2004883
2021-11-06,90,10327945,2290912
2021-11-06,120,21782432,2290912
2021-11-06,180,37037577,2290912
2021-11-06,270,43842203,2290912
2021-11-07,-1,45125195,2328801
2021-11-07,30,1905556,2009193
2021-11-07,90,10116137,2328801
2021-11-07,120,21329506,2328801
2021-11-07,180,36884898,2328801
2021-11-07,270,43836044,2328801
2021-11-08,-1,45176720,2460047
2021-11-08,30,1880991,2118282
2021-11-08,90,9962426,2460047
2021-11-08,120,21023330,2460047
2021-11-08,180,36757304,2460047
2021-11-08,270,43867190,2460047
2021-11-09,-1,45222120,2604223
2021-11-09,30,1880623,2248850
2021-11-09,90,9814096,2604223
2021-11-09,120,20582809,2604223
2021-11-09,180,36599374,2604223
2021-11-09,270,43896371,2604223
2021-11-10,-1,45264693,2760563
2021-11-10,30,1835803,2364098
2021-11-10,90,9688730,2760563
2021-11-10,120,20133226,2760563
2021-11-10,180,36419072,2760563
2021-11-10,270,43931705,2760563
2021-11-11,-1,45309625,2915684
2021-11-11,30,1796261,2472336
2021-11-11,90,9585088,2915684
2021-11-11,120,19697669,2915684
2021-11-11,180,36253692,2915684
2021-11-11,270,43973776,2915684
2021-11-12,-1,45355993,3074235
2021-11-12,30,1754451,2578794
2021-11-12,90,9565375,3074235
2021-11-12,120,19220515,3074235
2021-11-12,180,36140815,3074235
2021-11-12,270,44013310,3074235
2021-11-13,-1,45389244,3190873
2021-11-13,30,1696197,2636948
2021-11-13,90,9572296,3190873
2021-11-13,120,18743973,3190873
2021-11-13,180,35954901,3190873
2021-11-13,270,44039571,3190873
2021-11-14,-1,45403720,3243317
2021-11-14,30,1617098,2633792
2021-11-14,90,9472111,3243317
2021-11-14,120,18294069,3243317
2021-11-14,180,35756390,3243317
2021-11-14,270,44043530,3243317
2021-11-15,-1,45440612,3400726
2021-11-15,30,1571038,2754435
2021-11-15,90,9379778,3400726
2021-11-15,120,17966255,3400726
2021-11-15,180,35586239,3400726
2021-11-15,270,44071181,3400726
2021-11-16,-1,45471148,3572087
2021-11-16,30,1550117,2901978
2021-11-16,90,9281594,3572087
2021-11-16,120,17533712,3572087
2021-11-16,180,35345950,3572087
2021-11-16,270,44093487,3572087
2021-11-17,-1,45499583,3750513
2021-11-17,30,1488274,3020937
2021-11-17,90,9185264,3750513
2021-11-17,120,17104039,3750513
2021-11-17,180,35103547,3750513
2021-11-17,270,44116392,3750513
2021-11-18,-1,45529854,3944212
2021-11-18,30,1440213,3145275
2021-11-18,90,9091764,3944212
2021-11-18,120,16671495,3944212
2021-11-18,180,34888320,3944212
2021-11-18,270,44143688,3944212
2021-11-19,-1,45558640,4150041
2021-11-19,30,1393927,3272965
2021-11-19,90,9037454,4150041
2021-11-19,120,16224884,4150041
2021-11-19,180,34719943,4150041
2021-11-19,270,44165600,4150041
2021-11-20,-1,45579621,4306471
2021-11-20,30,1336605,3347666
2021-11-20,90,8990276,4306471
2021-11-20,120,15804552,4306471
2021-11-20,180,34512649,4306471
2021-11-20,270,44179428,4306471
2021-11-21,-1,45590225,4371331
2021-11-21,30,1273414,3335522
2021-11-21,90,8824022,4371331
2021-11-21,120,15428968,4371331
2021-11-21,180,34277588,4371331
2021-11-21,270,44180210,4371331
2021-11-22,-1,45612149,4584464
2021-11-22,30,1234530,3496710
2021-11-22,90,8689052,4584464
2021-11-22,120,15163278,4584464
2021-11-22,180,34022049,4584464
2021-11-22,270,44187938,4584464
2021-11-23,-1,45635699,4826195
2021-11-23,30,1224692,3715006
2021-11-23,90,8535434,4826195
2021-11-23,120,14755918,4826195
2021-11-23,180,33734546,4826195
2021-11-23,270,44193944,4826195
2021-11-24,-1,45663516,5097126
2021-11-24,30,1187609,3904326
2021-11-24,90,8390913,5097126
2021-11-24,120,14343606,5097126
2021-11-24,180,33462829,5097126
2021-11-24,270,44207868,5097126
2021-11-25,-1,45686726,5399016
2021-11-25,30,1152453,4114451
2021-11-25,90,8228268,5399016
2021-11-25,120,13975790,5399016
2021-11-25,180,33254865,5399016
2021-11-25,270,44221698,5399016
2021-11-26,-1,45711280,5717267
2021-11-26,30,1118681,4328759
2021-11-26,90,8112559,5717267
2021-11-26,120,13628263,5717267
2021-11-26,180,33108614,5717267
2021-11-26,270,44219748,5717267
2021-11-27,-1,45732641,5983407
2021-11-27,30,1078583,4480811
2021-11-27,90,8034910,5983407
2021-11-27,120,13308140,5983407
2021-11-27,180,32913595,5983407
2021-11-27,270,44207881,5983407
2021-11-28,-1,45742526,6120457
2021-11-28,30,1026798,4514775
2021-11-28,90,7835169,6120457
2021-11-28,120,13031036,6120457
2021-11-28,180,32715868,6120457
2021-11-28,270,44173124,6120457
2021-11-29,-1,45764823,6446507
2021-11-29,30,998422,4772723
2021-11-29,90,7662848,6446507
2021-11-29,120,12862313,6446507
2021-11-29,180,32622419,6446507
2021-11-29,270,44145133,6446507
2021-11-30,-1,45787883,6812319
2021-11-30,30,996315,5110255
2021-11-30,90,7493699,6812319
2021-11-30,120,12551653,6812319
2021-11-30,180,32465408,6812319
2021-11-30,270,44112463,6812319
2021-12-01,-1,45809378,7225807
2021-12-01,30,998764,5495598
2021-12-01,90,7325260,7225807
2021-12-01,120,12249968,7225807
2021-12-01,180,32302092,7225807
2021-12-01,270,44092092,7225807
2021-12-02,-1,45833115,7666181
2021-12-02,30,959722,5846625
2021-12-02,90,7157646,7666181
2021-12-02,120,11962748,7666181
2021-12-02,180,32139942,7666181
2021-12-02,270,44093511,7666181
2021-12-03,-1,45858312,8133613
2021-12-03,30,924188,6195410
2021-12-03,90,7051351,8133613
2021-12-03,120,11695428,8133613
2021-12-03,180,32025657,8133613
2021-12-03,270,44067921,8133613
2021-12-04,-1,45880638,8552329
2021-12-04,30,887267,6487486
2021-12-04,90,6985802,8552329
2021-12-04,120,11457770,8552329
2021-12-04,180,31886195,8552329
2021-12-04,270,44037193,8552329
2021-12-05,-1,45892536,8813654
2021-12-05,30,836065,6613657
2021-12-05,90,6804037,8813654
2021-12-05,120,11270639,8813654
2021-12-05,180,31726980,8813654
2021-12-05,270,43990478,8813654
2021-12-06,-1,45918316,9271207
2021-12-06,30,815374,6980295
2021-12-06,90,6633741,9271207
2021-12-06,120,11143319,9271207
2021-12-06,180,31581382,9271207
2021-12-06,270,43952439,9271207
2021-12-07,-1,45942405,9751442
2021-12-07,30,817210,7422641
2021-12-07,90,6469909,9751442
2021-12-07,120,10933347,9751442
2021-12-07,180,31431492,9751442
2021-12-07,270,43911447,9751442
2021-12-08,-1,45952382,10001115
2021-12-08,30,775662,7541068
2021-12-08,90,6278402,10001115
2021-12-08,120,10738088,10001115
2021-12-08,180,31271577,10001115
2021-12-08,270,43869731,10001115
2021-12-09,-1,45983907,10493018
2021-12-09,30,761787,7888795
2021-12-09,90,6111811,10493018
2021-12-09,120,10575883,10493018
2021-12-09,180,31174835,10493018
2021-12-09,270,43865874,10493018
2021-12-10,-1,46011922,11010868
2021-12-10,30,747229,8250305
2021-12-10,90,5998489,11010868
2021-12-10,120,10435959,11010868
2021-12-10,180,31111742,11010868
2021-12-10,270,43820470,11010868
2021-12-11,-1,46035438,11470097
2021-12-11,30,725813,8554413
2021-12-11,90,5932397,11470097
2021-12-11,120,10310901,11470097
2021-12-11,180,30920650,11470097
2021-12-11,270,43769965,11470097
2021-12-12,-1,46047719,11763584
2021-12-12,30,691726,8689349
2021-12-12,90,5753490,11763071
2021-12-12,120,10257101,11763584
2021-12-12,180,30704593,11763584
2021-12-12,270,43699120,11763584
2021-12-13,-1,46073825,12231189
2021-12-13,30,684581,9040316
2021-12-13,90,5602319,12230128
2021-12-13,120,10256877,12231189
2021-12-13,180,30477698,12231189
2021-12-13,270,43643610,12231189
2021-12-14,-1,46098950,12725367
2021-12-14,30,695230,9482050
2021-12-14,90,5464317,12723754
2021-12-14,120,10167341,12725367
2021-12-14,180,30201156,12725367
2021-12-14,270,43587657,12725367
2021-12-15,-1,46124239,13242482
2021-12-15,30,683627,9841756
2021-12-15,90,5329504,13239977
2021-12-15,120,10063405,13242482
2021-12-15,180,29920223,13242482
2021-12-15,270,43548247,13242482
2021-12-16,-1,46152068,13762698
2021-12-16,30,680920,10190611
2021-12-16,90,5207163,13759105
2021-12-16,120,9962514,13762698
2021-12-16,180,29673028,13762698
2021-12-16,270,43528792,13762698
2021-12-17,-1,46181360,14279845
2021-12-17,30,681777,10529332
2021-12-17,90,5108483,14275538
2021-12-17,120,9867041,14279845
2021-12-17,180,29481629,14279845
2021-12-17,270,43488620,14279845
2021-12-18,-1,46208335,14748545
2021-12-18,30,678481,10804333
2021-12-18,90,5054328,14743760
2021-12-18,120,9770245,14748545
2021-12-18,180,29220600,14748545
2021-12-18,270,43439822,14748545
2021-12-19,-1,46223442,15049051
2021-12-19,30,664802,10899010
2021-12-19,90,4889356,15035221
2021-12-19,120,9702256,15049051
2021-12-19,180,28939554,15049051
2021-12-19,270,43364057,15049051
2021-12-20,-1,46253999,15526505
2021-12-20,30,674378,11220034
2021-12-20,90,4753304,15503864
2021-12-20,120,9664654,15526505
2021-12-20,180,28667464,15526505
2021-12-20,270,43304838,15526505
2021-12-21,-1,46284301,16019865
2021-12-21,30,694076,11648534
2021-12-21,90,4624546,15987810
2021-12-21,120,9518098,16019865
2021-12-21,180,28365243,16019865
2021-12-21,270,43251554,16019865
2021-12-22,-1,46313682,16504547
2021-12-22,30,701533,11920083
2021-12-22,90,4515863,16463184
2021-12-22,120,9390585,16504547
2021-12-22,180,28045951,16504547
2021-12-22,270,43209034,16504547
2021-12-23,-1,46341853,16931431
2021-12-23,30,706154,12105236
2021-12-23,90,4403511,16881128
2021-12-23,120,9241588,16931431
2021-12-23,180,27774054,16931431
2021-12-23,270,43193096,16931431
2021-12-24,-1,46354942,17142243
2021-12-24,30,691426,12045117
2021-12-24,90,4297069,17086319
2021-12-24,120,9082339,17142243
2021-12-24,180,27558550,17142243
2021-12-24,270,43135392,17142243
2021-12-25,-1,46357042,17175296
2021-12-25,30,670316,11776280
2021-12-25,90,4227227,17115040
2021-12-25,120,8898584,17175296
2021-12-25,180,27253647,17175296
2021-12-25,270,43056149,17175296
2021-12-26,-1,46365778,17334356
2021-12-26,30,654498,11617089
2021-12-26,90,4100351,17264070
2021-12-26,120,8767057,17334356
2021-12-26,180,26933184,17334356
2021-12-26,270,42968692,17334356
2021-12-27,-1,46412476,17838992
2021-12-27,30,679835,11855585
2021-12-27,90,4029585,17757337
2021-12-27,120,8714745,17838992
2021-12-27,180,26637814,17838992
2021-12-27,270,42920107,17838992
2021-12-28,-1,46454838,18393172
2021-12-28,30,712312,12272715
2021-12-28,90,3959645,18299698
2021-12-28,120,8547481,18393172
2021-12-28,180,26317054,18393172
2021-12-28,270,42878410,18393172
2021-12-29,-1,46489058,18943802
2021-12-29,30,724235,12497295
2021-12-29,90,3883654,18835402
2021-12-29,120,8387083,18943802
2021-12-29,180,25982860,18943802
2021-12-29,270,42848340,18943802
2021-12-30,-1,46520781,19443604
2021-12-30,30,732898,12631285
2021-12-30,90,3820429,19316108
2021-12-30,120,8226597,19443604
2021-12-30,180,25643528,19443604
2021-12-30,270,42858351,19443604
2021-12-31,-1,46534852,19690993
2021-12-31,30,725474,12465186
2021-12-31,90,3756047,19549488
2021-12-31,120,8050734,19690993
2021-12-31,180,25374421,19690993
2021-12-31,270,42832129,19690993
2022-01-01,-1,46538332,19755804
2022-01-01,30,705217,12089623
2022-01-01,90,3711817,19606648
2022-01-01,120,7862863,19755804
2022-01-01,180,24993411,19755804
2022-01-01,270,42754323,19755804
2022-01-02,-1,46561014,20032518
2022-01-02,30,702702,11898905
2022-01-02,90,3646130,19848927
2022-01-02,120,7754053,20032518
2022-01-02,180,24630686,20032518
2022-01-02,270,42681215,20032518
2022-01-03,-1,46608681,20552517
2022-01-03,30,728043,12000188
2022-01-03,90,3613447,20334965
2022-01-03,120,7713845,20552517
2022-01-03,180,24266309,20552517
2022-01-03,270,42633668,20552517
2022-01-04,-1,46654837,21124575
2022-01-04,30,762301,12310921
2022-01-04,90,3587637,20872880
2022-01-04,120,7566338,21124575
2022-01-04,180,23832833,21124575
2022-01-04,270,42591361,21124575
2022-01-05,-1,46695406,21684946
2022-01-05,30,777090,12413739
2022-01-05,90,3556373,21398917
2022-01-05,120,7410831,21684946
2022-01-05,180,23374896,21684946
2022-01-05,270,42557921,21684946
2022-01-06,-1,46718771,21959422
2022-01-06,30,776366,12207980
2022-01-06,90,3499132,21639814
2022-01-06,120,7246275,21959422
2022-01-06,180,22923082,21959422
2022-01-06,270,42536546,21959422
2022-01-07,-1,46782244,22513590
2022-01-07,30,829862,12512475
2022-01-07,90,3486515,22171825
2022-01-07,120,7108264,22513590
2022-01-07,180,22628854,22513590
2022-01-07,270,42533122,22513590
2022-01-08,-1,46842873,23016949
2022-01-08,30,858966,12523931
2022-01-08,90,3501376,22661576
2022-01-08,120,6970777,23016949
2022-01-08,180,22203562,23016949
2022-01-08,270,42521200,23016949
2022-01-09,-1,46885514,23336630
2022-01-09,30,873592,12325762
2022-01-09,90,3456624,22940165
2022-01-09,120,6872081,23336630
2022-01-09,180,21754047,23336630
2022-01-09,270,42478330,23336630
2022-01-10,-1,46946386,23878887
2022-01-10,30,910948,12408790
2022-01-10,90,3433022,23435539
2022-01-10,120,6843345,23878887
2022-01-10,180,21334430,23878887
2022-01-10,270,42433812,23878887
2022-01-11,-1,47007850,24465854
2022-01-11,30,960131,12702270
2022-01-11,90,3406308,23970413
2022-01-11,120,6713621,24465341
2022-01-11,180,20872372,24465854
2022-01-11,270,42388882,24465854
2022-01-12,-1,47066048,25047120
2022-01-12,30,992223,12815931
2022-01-12,90,3373001,24493195
2022-01-12,120,6594542,25046059
2022-01-12,180,20420777,25047120
2022-01-12,270,42356606,25047120
2022-01-13,-1,47124397,25627480
2022-01-13,30,1025447,12902113
2022-01-13,90,3337775,25017955
2022-01-13,120,6489764,25625867
2022-01-13,180,20014746,25627480
2022-01-13,270,42356377,25627480
2022-01-14,-1,47170943,26216030
2022-01-14,30,1046704,12973548
2022-01-14,90,3301369,25569739
2022-01-14,120,6376208,26213525
2022-01-14,180,19696586,26216030
2022-01-14,270,42309499,26216030
2022-01-15,-1,47210006,26785953
2022-01-15,30,1057938,13023255
2022-01-15,90,3288975,26115844
2022-01-15,120,6265101,26782360
2022-01-15,180,19272570,26785953
2022-01-15,270,42244811,26785953
2022-01-16,-1,47241011,27127799
2022-01-16,30,1059651,12847954
2022-01-16,90,3229702,26398223
2022-01-16,120,6168134,27123492
2022-01-16,180,18845467,27127799
2022-01-16,270,42150498,27127799
2022-01-17,-1,47295598,27617437
2022-01-17,30,1087263,12868892
2022-01-17,90,3205957,26818500
2022-01-17,120,6141591,27612652
2022-01-17,180,18437239,27617437
2022-01-17,270,42061588,27617437
2022-01-18,-1,47353802,28134435
2022-01-18,30,1130360,13085384
2022-01-18,90,3189089,27257359
2022-01-18,120,6019716,28120605
2022-01-18,180,18020046,28134435
2022-01-18,270,41981092,28134435
2022-01-19,-1,47410824,28637201
2022-01-19,30,1156825,13110696
2022-01-19,90,3167808,27678396
2022-01-19,120,5910129,28614560
2022-01-19,180,17635755,28637201
2022-01-19,270,41913689,28637201
2022-01-20,-1,47464994,29135998
2022-01-20,30,1180693,13116133
2022-01-20,90,3148183,28100189
2022-01-20,120,5805239,29103943
2022-01-20,180,17303737,29135998
2022-01-20,270,41906415,29135998
2022-01-21,-1,47506885,29629845
2022-01-21,30,1193203,13125298
2022-01-21,90,3129266,28542091
2022-01-21,120,5709066,29588482
2022-01-21,180,17058014,29629845
2022-01-21,270,41850440,29629845
2022-01-22,-1,47537846,30099429
2022-01-22,30,1195993,13167998
2022-01-22,90,3126839,28988240
2022-01-22,120,5599504,30049126
2022-01-22,180,16658065,30099429
2022-01-22,270,41753061,30099429
2022-01-23,-1,47572636,30374789
2022-01-23,30,1217694,13232546
2022-01-23,90,3096729,29181989
2022-01-23,120,5514763,30318865
2022-01-23,180,16252726,30374789
2022-01-23,270,41631510,30374789
2022-01-24,-1,47628689,30811986
2022-01-24,30,1271647,13636690
2022-01-24,90,3094416,29527421
2022-01-24,120,5498874,30751730
2022-01-24,180,15917753,30811986
2022-01-24,270,41491999,30811986
2022-01-25,-1,47690102,31264062
2022-01-25,30,1324324,13929706
2022-01-25,90,3097503,29875554
2022-01-25,120,5424675,31193776
2022-01-25,180,15607085,31264062
2022-01-25,270,41338870,31264062
2022-01-26,-1,47748518,31699865
2022-01-26,30,1336042,13860873
2022-01-26,90,3094460,30197269
2022-01-26,120,5365627,31618210
2022-01-26,180,15324017,31699865
2022-01-26,270,41223208,31699865
2022-01-27,-1,47797242,32132207
2022-01-27,30,1342404,13739035
2022-01-27,90,3081514,30526525
2022-01-27,120,5302049,32038733
2022-01-27,180,15085752,32132207
2022-01-27,270,41136149,32132207
2022-01-28,-1,47855779,32568721
2022-01-28,30,1366721,13624919
2022-01-28,90,3089378,30894937
2022-01-28,120,5250375,32460321
2022-01-28,180,14953269,32568721
2022-01-28,270,41052700,32568721
2022-01-29,-1,47923740,32981192
2022-01-29,30,1402959,13537588
2022-01-29,90,3132172,31279128
2022-01-29,120,5223388,32853696
2022-01-29,180,14687510,32981192
2022-01-29,270,40961990,32981192
2022-01-30,-1,47974014,33217152
2022-01-30,30,1439162,13526159
2022-01-30,90,3163400,31486943
2022-01-30,120,5195209,33075647
2022-01-30,180,14414604,33217152
2022-01-30,270,40841810,33217152
2022-01-31,-1,48034469,33574067
2022-01-31,30,1496137,13818263
2022-01-31,90,3161076,31754511
2022-01-31,120,5207954,33424911
2022-01-31,180,14164102,33574067
2022-01-31,270,40704490,33574067
2022-02-01,-1,48099876,33902483
2022-02-01,30,1538862,13869965
2022-02-01,90,3165752,31964280
2022-02-01,120,5184992,33718892
2022-02-01,180,13936992,33902483
2022-02-01,270,40556114,33902483
2022-02-02,-1,48162935,34199433
2022-02-02,30,1554254,13646916
2022-02-02,90,3169564,32134590
2022-02-02,120,5167701,33981881
2022-02-02,180,13740067,34199433
2022-02-02,270,40405810,34199433
2022-02-03,-1,48222880,34473939
2022-02-03,30,1568043,13349364
2022-02-03,90,3166409,32273942
2022-02-03,120,5155680,34222244
2022-02-03,180,13600983,34473939
2022-02-03,270,40322575,34473939
2022-02-04,-1,48295139,34742374
2022-02-04,30,1599733,13057428
2022-02-04,90,3192197,32451462
2022-02-04,120,5156106,34456345
2022-02-04,180,13520142,34742374
2022-02-04,270,40229774,34742374
2022-02-05,-1,48378799,34990890
2022-02-05,30,1660028,13031468
2022-02-05,90,3253604,32662089
2022-02-05,120,5159160,34671282
2022-02-05,180,13369741,34990890
2022-02-05,270,40138502,34990890
2022-02-06,-1,48434012,35107080
2022-02-06,30,1651768,12593490
2022-02-06,90,3257292,32647033
2022-02-06,120,5138283,34765315
2022-02-06,180,13219718,35107080
2022-02-06,270,40014596,35107080
2022-02-07,-1,48499068,35307003
2022-02-07,30,1656195,12290054
2022-02-07,90,3276948,32702780
2022-02-07,120,5157571,34951630
2022-02-07,180,13091044,35307003
2022-02-07,270,39876322,35307003
2022-02-08,-1,48565907,35493099
2022-02-08,30,1680393,12156469
2022-02-08,90,3301214,32732536
2022-02-08,120,5137017,35096634
2022-02-08,180,12989944,35493099
2022-02-08,270,39720286,35493099
2022-02-09,-1,48624589,35659421
2022-02-09,30,1678203,11780534
2022-02-09,90,3314964,32743737
2022-02-09,120,5111225,35216073
2022-02-09,180,12900052,35659421
2022-02-09,270,39568656,35659421
2022-02-10,-1,48683064,35822648
2022-02-10,30,1675214,11356794
2022-02-10,90,3327071,32748413
2022-02-10,120,5081522,35327207
2022-02-10,180,12892446,35822648
2022-02-10,270,39467886,35822648
2022-02-11,-1,48745218,35985092
2022-02-11,30,1679170,10937972
2022-02-11,90,3355974,32794219
2022-02-11,120,5052171,35431167
2022-02-11,180,12928270,35985092
2022-02-11,270,39310875,35985092
2022-02-12,-1,48817117,36137224
2022-02-12,30,1692720,10509744
2022-02-12,90,3413397,32893907
2022-02-12,120,5030495,35527699
2022-02-12,180,12885508,36137224
2022-02-12,270,39169787,36137224
2022-02-13,-1,48858552,36206072
2022-02-13,30,1687609,9990042
2022-02-13,90,3417940,32805346
2022-02-13,120,4988978,35559781
2022-02-13,180,12797718,36206072
2022-02-13,270,39004179,36206072
2022-02-14,-1,48905168,36322250
2022-02-14,30,1695162,9536297
2022-02-14,90,3434020,32750163
2022-02-14,120,4984137,35652141
2022-02-14,180,12715614,36322250
2022-02-14,270,38779970,36322250
2022-02-15,-1,48953627,36445725
2022-02-15,30,1712616,9317926
2022-02-15,90,3454044,32695212
2022-02-15,120,4942318,35716149
2022-02-15,180,12639308,36445725
2022-02-15,270,38557591,36445725
2022-02-16,-1,48999249,36551829
2022-02-16,30,1703651,8934392
2022-02-16,90,3469395,32607617
2022-02-16,120,4909608,35752892
2022-02-16,180,12561159,36551829
2022-02-16,270,38357715,36551829
2022-02-17,-1,49042069,36649922
2022-02-17,30,1688267,8515487
2022-02-17,90,3483429,32499881
2022-02-17,120,4877356,35772846
2022-02-17,180,12520883,36649922
2022-02-17,270,38203372,36649922
2022-02-18,-1,49088629,36762485
2022-02-18,30,1677805,8125284
2022-02-18,90,3509008,32456014
2022-02-18,120,4845613,35803680
2022-02-18,180,12499284,36762485
2022-02-18,270,38021657,36762485
2022-02-19,-1,49141121,36862807
2022-02-19,30,1676127,7726809
2022-02-19,90,3550896,32491476
2022-02-19,120,4824310,35826998
2022-02-19,180,12374918,36862807
2022-02-19,270,37828484,36862807
2022-02-20,-1,49172518,36903165
2022-02-20,30,1665633,7273320
2022-02-20,90,3560369,32318701
2022-02-20,120,4794899,35815411
2022-02-20,180,12249421,36903165
2022-02-20,270,37582418,36903165
2022-02-21,-1,49210382,36992803
2022-02-21,30,1672536,6893374
2022-02-21,90,3574683,32166608
2022-02-21,120,4799375,35881614
2022-02-21,180,12110117,36992803
2022-02-21,270,37309229,36992803
2022-02-22,-1,49247555,37076567
2022-02-22,30,1674919,6701778
2022-02-22,90,3584039,31979441
2022-02-22,120,4771648,35883767
2022-02-22,180,11974952,37076567
2022-02-22,270,37046868,37076567
2022-02-23,-1,49280909,37155965
2022-02-23,30,1652220,6343979
2022-02-23,90,3594183,31756949
2022-02-23,120,4746636,35871400
2022-02-23,180,11822451,37155965
2022-02-23,270,36849048,37155965
2022-02-24,-1,49313436,37234120
2022-02-24,30,1623334,5970058
2022-02-24,90,3602156,31516853
2022-02-24,120,4720837,35845612
2022-02-24,180,11714715,37234120
2022-02-24,270,36710770,37234120
2022-02-25,-1,49348160,37324820
2022-02-25,30,1599642,5624955
2022-02-25,90,3615519,31341413
2022-02-25,120,4694102,35822224
2022-02-25,180,11650429,37324820
2022-02-25,270,36529114,37324820
2022-02-26,-1,49387289,37413947
2022-02-26,30,1590047,5281740
2022-02-26,90,3644763,31293490
2022-02-26,120,4671561,35808265
2022-02-26,180,11479932,37413947
2022-02-26,270,36360631,37413947
2022-02-27,-1,49409823,37449801
2022-02-27,30,1554044,4881080
2022-02-27,90,3645000,31003294
2022-02-27,120,4643422,35776017
2022-02-27,180,11307848,37449801
2022-02-27,270,36267419,37449801
2022-02-28,-1,49438268,37531489
2022-02-28,30,1514528,4550297
2022-02-28,90,3650385,30719170
2022-02-28,120,4646700,35829425
2022-02-28,180,11144084,37531489
2022-02-28,270,36115793,37531489
2022-03-01,-1,49460936,37585422
2022-03-01,30,1486922,4368270
2022-03-01,90,3651558,30359615
2022-03-01,120,4650322,35855213
2022-03-01,180,10976818,37585422
2022-03-01,270,35953650,37585422
2022-03-02,-1,49482908,37636045
2022-03-02,30,1448439,4061978
2022-03-02,90,3649793,29969864
2022-03-02,120,4609515,35816489
2022-03-02,180,10807439,37636045
2022-03-02,270,35789735,37636045
2022-03-03,-1,49505480,37690978
2022-03-03,30,1405604,3788495
2022-03-03,90,3647168,29557365
2022-03-03,120,4571356,35752775
2022-03-03,180,10698519,37690978
2022-03-03,270,35672825,37690978
2022-03-04,-1,49528676,37753765
2022-03-04,30,1365741,3554332
2022-03-04,90,3648038,29201436
2022-03-04,120,4535305,35688922
2022-03-04,180,10633840,37753765
2022-03-04,270,35534233,37753765
2022-03-05,-1,49552434,37811714
2022-03-05,30,1329554,3337775
2022-03-05,90,3659898,28998060
2022-03-05,120,4495963,35611717
2022-03-05,180,10463935,37811714
2022-03-05,270,35386878,37811714
2022-03-06,-1,49561899,37828913
2022-03-06,30,1266760,3086539
2022-03-06,90,3643583,28557706
2022-03-06,120,4458957,35538001
2022-03-06,180,10277324,37828913
2022-03-06,270,35224965,37828913
2022-03-07,-1,49577782,37880299
2022-03-07,30,1198983,2889409
2022-03-07,90,3635377,28128857
2022-03-07,120,4452587,35551498
2022-03-07,180,10105286,37880299
2022-03-07,270,35066869,37880299
2022-03-08,-1,49593215,37929092
2022-03-08,30,1159203,2822012
2022-03-08,90,3640833,27927977
2022-03-08,120,4416495,35469045
2022-03-08,180,9919235,37929092
2022-03-08,270,34912410,37929092
2022-03-09,-1,49606993,37975602
2022-03-09,30,1107925,2668599
2022-03-09,90,3623086,27482584
2022-03-09,120,4384873,35371379
2022-03-09,180,9734897,37975602
2022-03-09,270,34797921,37975602
2022-03-10,-1,49621000,38027713
2022-03-10,30,1055093,2534614
2022-03-10,90,3609078,27016845
2022-03-10,120,4356307,35267150
2022-03-10,180,9607567,38027713
2022-03-10,270,34720820,38027713
2022-03-11,-1,49636541,38084957
2022-03-11,30,1011952,2425536
2022-03-11,90,3601103,26614860
2022-03-11,120,4326916,35169273
2022-03-11,180,9533500,38084957
2022-03-11,270,34521753,38084957
2022-03-12,-1,49652016,38141569
2022-03-12,30,968952,2318921
2022-03-12,90,3604297,26377985
2022-03-12,120,4296023,35067334
2022-03-12,180,9357787,38141056
2022-03-12,270,34308890,38141569
2022-03-13,-1,49657555,38158417
2022-03-13,30,912337,2173325
2022-03-13,90,3583730,25927228
2022-03-13,120,4268311,34967544
2022-03-13,180,9186049,38157356
2022-03-13,270,34061428,38158417
2022-03-14,-1,49668057,38205106
2022-03-14,30,850940,2067882
2022-03-14,90,3569107,25479739
2022-03-14,120,4264337,34961789
2022-03-14,180,9033424,38203493
2022-03-14,270,33770263,38205106
2022-03-15,-1,49678573,38251997
2022-03-15,30,820021,2045925
2022-03-15,90,3554334,25009515
2022-03-15,120,4237961,34851271
2022-03-15,180,8883838,38249492
2022-03-15,270,33474557,38251997
2022-03-16,-1,49688030,38293971
2022-03-16,30,782862,1971721
2022-03-16,90,3535962,24531273
2022-03-16,120,4216882,34721884
2022-03-16,180,8743125,38290378
2022-03-16,270,33208990,38293971
2022-03-17,-1,49697714,38338843
2022-03-17,30,744087,1893118
2022-03-17,90,3516354,24058998
2022-03-17,120,4198131,34588330
2022-03-17,180,8624837,38334536
2022-03-17,270,32997983,38338843
2022-03-18,-1,49707855,38387887
2022-03-18,30,708606,1836058
2022-03-18,90,3499520,23639342
2022-03-18,120,4178001,34443675
2022-03-18,180,8553848,38383102
2022-03-18,270,32720120,38387887
2022-03-19,-1,49716988,38434417
2022-03-19,30,674919,1784495
2022-03-19,90,3493546,23385366
2022-03-19,120,4158348,34284376
2022-03-19,180,8382902,38420587
2022-03-19,270,32433100,38434417
2022-03-20,-1,49719591,38446116
2022-03-20,30,630962,1683631
2022-03-20,90,3465592,22919611
2022-03-20,120,4139970,34139645
2022-03-20,180,8218896,38423475
2022-03-20,270,32133056,38446116
2022-03-21,-1,49727153,38486328
2022-03-21,30,586032,1623521
2022-03-21,90,3442852,22466463
2022-03-21,120,4136928,34114997
2022-03-21,180,8067398,38454273
2022-03-21,270,31808095,38486328
2022-03-22,-1,49735579,38524070
2022-03-22,30,563061,1620905
2022-03-22,90,3421897,22019523
2022-03-22,120,4123430,33939606
2022-03-22,180,7937760,38482707
2022-03-22,270,31467848,38524070
2022-03-23,-1,49742772,38557764
2022-03-23,30,532390,1564961
2022-03-23,90,3400919,21626333
2022-03-23,120,4107073,33731569
2022-03-23,180,7804430,38507461
2022-03-23,270,31174973,38557764
2022-03-24,-1,49751009,38596553
2022-03-24,30,503454,1519986
2022-03-24,90,3396067,21454310
2022-03-24,120,4087493,33499427
2022-03-24,180,7693136,38540629
2022-03-24,270,30954617,38596553
2022-03-25,-1,49759117,38640211
2022-03-25,30,478208,1484246
2022-03-25,90,3402075,21464915
2022-03-25,120,4072391,33241195
2022-03-25,180,7629302,38579955
2022-03-25,270,30655722,38640211
2022-03-26,-1,49767230,38681928
2022-03-26,30,453794,1447808
2022-03-26,90,3401452,21347572
2022-03-26,120,4055950,32964661
2022-03-26,180,7501803,38611642
2022-03-26,270,30334636,38681928
2022-03-27,-1,49769654,38691611
2022-03-27,30,421494,1366791
2022-03-27,90,3357178,20852619
2022-03-27,120,4037013,32708204
2022-03-27,180,7386763,38609956
2022-03-27,270,29994992,38691611
2022-03-28,-1,49775747,38726836
2022-03-28,30,388458,1312889
2022-03-28,90,3320909,20333664
2022-03-28,120,4033221,32606379
2022-03-28,180,7280554,38633362
2022-03-28,270,29637963,38726836
2022-03-29,-1,49781515,38759357
2022-03-29,30,371692,1309556
2022-03-29,90,3292457,19815555
2022-03-29,120,4016692,32312850
2022-03-29,180,7176111,38650957
2022-03-29,270,29275317,38759357
2022-03-30,-1,49787063,38789545
2022-03-30,30,348795,1258056
2022-03-30,90,3266282,19345941
2022-03-30,120,3999180,31977226
2022-03-30,180,7086711,38662049
2022-03-30,270,28909810,38789545
2022-03-31,-1,49792935,38822711
2022-03-31,30,331999,1237289
2022-03-31,90,3258083,19131718
2022-03-31,120,3983557,31596904
2022-03-31,180,7014130,38681206
2022-03-31,270,28632504,38822711
2022-04-01,-1,49797272,38847888
2022-04-01,30,314364,1211843
2022-04-01,90,3258940,19092084
2022-04-01,120,3964157,31181707
2022-04-01,180,6970757,38698732
2022-04-01,270,28252351,38847888
2022-04-02,-1,49801757,38871157
2022-04-02,30,296277,1180179
2022-04-02,90,3240743,18838639
2022-04-02,120,3943445,30737544
2022-04-02,180,6886873,38687566
2022-04-02,270,27871429,38871157
2022-04-03,-1,49802802,38875655
2022-04-03,30,274126,1121890
2022-04-03,90,3194121,18323138
2022-04-03,120,3922164,30323326
2022-04-03,180,6807568,38658103
2022-04-03,270,27460430,38875655
2022-04-04,-1,49806449,38897185
2022-04-04,30,254015,1085471
2022-04-04,90,3151612,17772610
2022-04-04,120,3913913,30083531
2022-04-04,180,6739249,38645490
2022-04-04,270,26984445,38897185
2022-04-05,-1,49810192,38920105
2022-04-05,30,248293,1091192
2022-04-05,90,3114786,17235159
2022-04-05,120,3891876,29648898
2022-04-05,180,6671159,38634076
2022-04-05,270,26489682,38920105
2022-04-06,-1,49814283,38941935
2022-04-06,30,236501,1061636
2022-04-06,90,3095512,16982513
2022-04-06,120,3871878,29190493
2022-04-06,180,6594644,38622327
2022-04-06,270,26018594,38941935
2022-04-07,-1,49818228,38965252
2022-04-07,30,225013,1036160
2022-04-07,90,3035984,16451662
2022-04-07,120,3865846,28964137
2022-04-07,180,6522499,38623487
2022-04-07,270,25664838,38965252
2022-04-08,-1,49822907,38991959
2022-04-08,30,215914,1016357
2022-04-08,90,2980034,15975010
2022-04-08,120,3839000,28498941
2022-04-08,180,6481410,38636586
2022-04-08,270,25183596,38991959
2022-04-09,-1,49827279,39015838
2022-04-09,30,206279,988125
2022-04-09,90,2941765,15679208
2022-04-09,120,3815357,28004970
2022-04-09,180,6398389,38619373
2022-04-09,270,24695812,39015838
2022-04-10,-1,49828170,39020452
2022-04-10,30,191629,935495
2022-04-10,90,2881784,15141565
2022-04-10,120,3792732,27550355
2022-04-10,180,6314806,38577104
2022-04-10,270,24216214,39020452
2022-04-11,-1,49831965,39043131
2022-04-11,30,179949,901562
2022-04-11,90,2824115,14577277
2022-04-11,120,3784246,27279547
2022-04-11,180,6230423,38547690
2022-04-11,270,23696487,39043131
2022-04-12,-1,49835315,39064904
2022-04-12,30,177760,906487
2022-04-12,90,2769267,14017784
2022-04-12,120,3761490,26833715
2022-04-12,180,6142268,38510979
2022-04-12,270,23190044,39064904
2022-04-13,-1,49838865,39086237
2022-04-13,30,170808,881131
2022-04-13,90,2714468,13458757
2022-04-13,120,3739915,26360870
2022-04-13,180,6052243,38476712
2022-04-13,270,22729214,39086237
2022-04-14,-1,49842339,39110006
2022-04-14,30,163766,858009
2022-04-14,90,2671396,12893976
2022-04-14,120,3718100,25867524
2022-04-14,180,5972765,38463715
2022-04-14,270,22367982,39110006
2022-04-15,-1,49845414,39130618
2022-04-15,30,157384,836647
2022-04-15,90,2635408,12344665
2022-04-15,120,3693346,25367920
2022-04-15,180,5924383,38460509
2022-04-15,270,21907978,39130618
2022-04-16,-1,49847559,39142538
2022-04-16,30,149845,803695
2022-04-16,90,2606548,12014739
2022-04-16,120,3666199,24862693
2022-04-16,180,5836250,38412962
2022-04-16,270,21452015,39142538
2022-04-17,-1,49847622,39142886
2022-04-17,30,139767,754999
2022-04-17,90,2552024,11525449
2022-04-17,120,3639287,24394341
2022-04-17,180,5757981,38343949
2022-04-17,270,20989263,39142886
2022-04-18,-1,49847770,39143536
2022-04-18,30,130782,709119
2022-04-18,90,2493968,11009101
2022-04-18,120,3624328,24094485
2022-04-18,180,5683057,38266460
2022-04-18,270,20514014,39143536
2022-04-19,-1,49851249,39165512
2022-04-19,30,131658,719396
2022-04-19,90,2440425,10528311
2022-04-19,120,3597250,23639007
2022-04-19,180,5608233,38206707
2022-04-19,270,20076180,39165512
2022-04-20,-1,49854738,39185761
2022-04-20,30,127585,699433
2022-04-20,90,2389744,10049763
2022-04-20,120,3570437,23165896
2022-04-20,180,5537927,38149952
2022-04-20,270,19693481,39185761
2022-04-21,-1,49857571,39205535
2022-04-21,30,121992,681465
2022-04-21,90,2350686,9575690
2022-04-21,120,3543889,22700988
2022-04-21,180,5479952,38117781
2022-04-21,270,19408700,39205535
2022-04-22,-1,49860479,39226229
2022-04-22,30,117707,668465
2022-04-22,90,2322633,9126800
2022-04-22,120,3518626,22294798
2022-04-22,180,5449472,38115040
2022-04-22,270,18980698,39226229
2022-04-23,-1,49863112,39242433
2022-04-23,30,112103,645880
2022-04-23,90,2290476,8867644
2022-04-23,120,3508170,22100190
2022-04-23,180,5387205,38049633
2022-04-23,270,18543202,39242433
2022-04-24,-1,49863620,39244768
2022-04-24,30,104503,604557
2022-04-24,90,2234931,8432782
2022-04-24,120,3506578,22069472
2022-04-24,180,5329347,37960203
2022-04-24,270,18152684,39244768
2022-04-25,-1,49863803,39245933
2022-04-25,30,96573,564005
2022-04-25,90,2173701,7981871
2022-04-25,120,3498025,21911577
2022-04-25,180,5271204,37857425
2022-04-25,270,17780786,39245933
2022-04-26,-1,49866554,39263723
2022-04-26,30,96900,572112
2022-04-26,90,2118036,7563858
2022-04-26,120,3454078,21424731
2022-04-26,180,5212496,37761127
2022-04-26,270,17442053,39263723
2022-04-27,-1,49868916,39279500
2022-04-27,30,93169,552664
2022-04-27,90,2071674,7147293
2022-04-27,120,3414078,20886328
2022-04-27,180,5153188,37673818
2022-04-27,270,17157426,39279500
2022-04-28,-1,49871259,39295030
2022-04-28,30,89744,535673
2022-04-28,90,2015480,6726309
2022-04-28,120,3382201,20351228
2022-04-28,180,5104858,37621246
2022-04-28,270,16968749,39295030
2022-04-29,-1,49873546,39309861
2022-04-29,30,86483,520316
2022-04-29,90,1949806,6328669
2022-04-29,120,3352765,19866257
2022-04-29,180,5081978,37607797
2022-04-29,270,16637316,39309861
2022-04-30,-1,49875661,39321437
2022-04-30,30,82726,498726
2022-04-30,90,1901647,6104285
2022-04-30,120,3340809,19630444
2022-04-30,180,5065047,37591228
2022-04-30,270,16316251,39321437
2022-05-01,-1,49875774,39321967
2022-05-01,30,78502,474079
2022-05-01,90,1841305,5747900
2022-05-01,120,3337442,19566163
2022-05-01,180,5002381,37502411
2022-05-01,270,16005407,39321967
2022-05-02,-1,49877214,39331347
2022-05-02,30,75457,460190
2022-05-02,90,1777338,5428864
2022-05-02,120,3316200,19298829
2022-05-02,180,4943090,37393144
2022-05-02,270,15714330,39331347
2022-05-03,-1,49878782,39341652
2022-05-03,30,75980,465997
2022-05-03,90,1715847,5142219
2022-05-03,120,3270101,18789135
2022-05-03,180,4885411,37276809
2022-05-03,270,15455914,39341652
2022-05-04,-1,49880527,39351906
2022-05-04,30,74078,454721
2022-05-04,90,1657647,4877967
2022-05-04,120,3225690,18227331
2022-05-04,180,4824056,37151909
2022-05-04,270,15258630,39351906
2022-05-05,-1,49882171,39362167
2022-05-05,30,71979,442062
2022-05-05,90,1587032,4619793
2022-05-05,120,3186765,17677221
2022-05-05,180,4779229,37071255
2022-05-05,270,15107174,39362167
2022-05-06,-1,49883863,39373109
2022-05-06,30,69580,431174
2022-05-06,90,1505064,4382219
2022-05-06,120,3165092,17413687
2022-05-06,180,4758668,37044308
2022-05-06,270,14874805,39373109
2022-05-07,-1,49885292,39381671
2022-05-07,30,67064,416419
2022-05-07,90,1451280,4274591
2022-05-07,120,3103048,16868081
2022-05-07,180,4708572,36921624
2022-05-07,270,14670998,39381671
2022-05-08,-1,49885696,39383185
2022-05-08,30,62789,391226
2022-05-08,90,1386628,4076182
2022-05-08,120,3042823,16366236
2022-05-08,180,4663576,36778962
2022-05-08,270,14477672,39383185
2022-05-09,-1,49886720,39392098
2022-05-09,30,59441,376260
2022-05-09,90,1320813,3898999
2022-05-09,120,3001206,16055468
2022-05-09,180,4622027,36631535
2022-05-09,270,14310757,39392098
2022-05-10,-1,49888138,39401634
2022-05-10,30,59968,381182
2022-05-10,90,1263549,3742213
2022-05-10,120,2941752,15522747
2022-05-10,180,4578513,36485950
2022-05-10,270,14163601,39401634
2022-05-11,-1,49889614,39411719
2022-05-11,30,57649,368588
2022-05-11,90,1206550,3589071
2022-05-11,120,2881764,14945865
2022-05-11,180,4533621,36337484
2022-05-11,270,14098996,39411719
2022-05-12,-1,49890975,39421835
2022-05-12,30,55660,356931
2022-05-12,90,1145757,3436743
2022-05-12,120,2824927,14374715
2022-05-12,180,4501731,36230962
2022-05-12,270,14074027,39421835
2022-05-13,-1,49892561,39432340
2022-05-13,30,53696,346103
2022-05-13,90,1075444,3295116
2022-05-13,120,2768164,13804860
2022-05-13,180,4488841,36189023
2022-05-13,270,13960952,39432340
2022-05-14,-1,49893917,39440566
2022-05-14,30,51578,330560
2022-05-14,90,1035365,3234494
2022-05-14,120,2722974,13224536
2022-05-14,180,4453305,36039840
2022-05-14,270,13833083,39440566
2022-05-15,-1,49894253,39441695
2022-05-15,30,48839,311077
2022-05-15,90,989085,3119445
2022-05-15,120,2684247,12655742
2022-05-15,180,4423105,35869608
2022-05-15,270,13704699,39441695
2022-05-16,-1,49895060,39450081
2022-05-16,30,47501,307543
2022-05-16,90,941433,3004356
2022-05-16,120,2654049,12322282
2022-05-16,180,4395477,35699568
2022-05-16,270,13580741,39450081
2022-05-17,-1,49896302,39458745
2022-05-17,30,48680,315859
2022-05-17,90,897053,2906916
2022-05-17,120,2600704,11841308
2022-05-17,180,4366448,35514533
2022-05-17,270,13458212,39458745
2022-05-18,-1,49897670,39467951
2022-05-18,30,49900,324415
2022-05-18,90,855601,2818029
2022-05-18,120,2543868,11333516
2022-05-18,180,4339030,35317910
2022-05-18,270,13376484,39467951
2022-05-19,-1,49899163,39477215
2022-05-19,30,47914,311703
2022-05-19,90,810534,2714730
2022-05-19,120,2488339,10840014
2022-05-19,180,4319542,35170744
2022-05-19,270,13309818,39477215
2022-05-20,-1,49900582,39486703
2022-05-20,30,45844,300942
2022-05-20,90,759461,2623896
2022-05-20,120,2435588,10350705
2022-05-20,180,4310357,35115372
2022-05-20,270,13134379,39486703
2022-05-21,-1,49901881,39494595
2022-05-21,30,44310,289060
2022-05-21,90,729363,2591430
2022-05-21,120,2394996,9864750
2022-05-21,180,4289732,34910131
2022-05-21,270,12978784,39494595
2022-05-22,-1,49902113,39495607
2022-05-22,30,41634,269378
2022-05-22,90,691731,2502804
2022-05-22,120,2364267,9396178
2022-05-22,180,4266414,34669412
2022-05-22,270,12801848,39495607
2022-05-23,-1,49902937,39503866
2022-05-23,30,39825,261433
2022-05-23,90,655382,2427299
2022-05-23,120,2330301,9129077
2022-05-23,180,4239421,34406740
2022-05-23,270,12630334,39503866
2022-05-24,-1,49904007,39512527
2022-05-24,30,40387,267759
2022-05-24,90,623098,2356562
2022-05-24,120,2275318,8700541
2022-05-24,180,4217281,34113511
2022-05-24,270,12445549,39512527
2022-05-25,-1,49905370,39521970
2022-05-25,30,41567,276037
2022-05-25,90,591934,2287850
2022-05-25,120,2215268,8257908
2022-05-25,180,4194090,33804703
2022-05-25,270,12306649,39521970
2022-05-26,-1,49906561,39531422
2022-05-26,30,40007,267699
2022-05-26,90,558401,2206602
2022-05-26,120,2158043,7831557
2022-05-26,180,4173920,33548015
2022-05-26,270,12208830,39531422
2022-05-27,-1,49907784,39541328
2022-05-27,30,38868,261828
2022-05-27,90,520495,2127381
2022-05-27,120,2110542,7409121
2022-05-27,180,4165258,33420871
2022-05-27,270,12000427,39541328
2022-05-28,-1,49908985,39549198
2022-05-28,30,37726,254168
2022-05-28,90,499162,2099397
2022-05-28,120,2053206,6980477
2022-05-28,180,4144162,33102691
2022-05-28,270,11807010,39549198
2022-05-29,-1,49909270,39550461
2022-05-29,30,35724,240600
2022-05-29,90,471002,2018972
2022-05-29,120,1985530,6569269
2022-05-29,180,4121387,32738142
2022-05-29,270,11615086,39550461
2022-05-30,-1,49910196,39558484
2022-05-30,30,34535,237047
2022-05-30,90,449260,1973062
2022-05-30,120,1936182,6341332
2022-05-30,180,4100818,32332677
2022-05-30,270,11426078,39558484
2022-05-31,-1,49911228,39567012
2022-05-31,30,35454,245045
2022-05-31,90,428320,1930967
2022-05-31,120,1876759,5992945
2022-05-31,180,4078113,31900831
2022-05-31,270,11235759,39567012
2022-06-01,-1,49912117,39574653
2022-06-01,30,34903,243306
2022-06-01,90,406637,1883675
2022-06-01,120,1812241,5672170
2022-06-01,180,4053805,31441040
2022-06-01,270,11105156,39574653
2022-06-02,-1,49912151,39575127
2022-06-02,30,33369,233475
2022-06-02,90,383475,1821362
2022-06-02,120,1749216,5375694
2022-06-02,180,4031513,31022798
2022-06-02,270,11017315,39575127
2022-06-03,-1,49912962,39582453
2022-06-03,30,32435,230547
2022-06-03,90,360528,1770739
2022-06-03,120,1690082,5108514
2022-06-03,180,4020426,30768799
2022-06-03,270,10824463,39582453
2022-06-04,-1,49913831,39587608
2022-06-04,30,31660,225441
2022-06-04,90,351932,1758695
2022-06-04,120,1618692,4845234
2022-06-04,180,3995515,30316401
2022-06-04,270,10629256,39587608
2022-06-05,-1,49913920,39588194
2022-06-05,30,30057,215085
2022-06-05,90,336138,1707895
2022-06-05,120,1535121,4597304
2022-06-05,180,3971515,29836752
2022-06-05,270,10441424,39588194
2022-06-06,-1,49914582,39595155
2022-06-06,30,29290,213484
2022-06-06,90,321367,1666063
2022-06-06,120,1480570,4488075
2022-06-06,180,3962200,29594040
2022-06-06,270,10240602,39595155
2022-06-07,-1,49915509,39602996
2022-06-07,30,29813,219811
2022-06-07,90,308516,1627394
2022-06-07,120,1416441,4295993
2022-06-07,180,3931602,29109978
2022-06-07,270,10043413,39602996
2022-06-08,-1,49916486,39610891
2022-06-08,30,29766,218793
2022-06-08,90,295486,1583178
2022-06-08,120,1350579,4117792
2022-06-08,180,3904564,28600023
2022-06-08,270,9903053,39610891
2022-06-09,-1,49917517,39619289
2022-06-09,30,29379,217655
2022-06-09,90,280976,1534332
2022-06-09,120,1292928,3959868
2022-06-09,180,3882079,28149192
2022-06-09,270,9814476,39619289
2022-06-10,-1,49918465,39627823
2022-06-10,30,28851,216104
2022-06-10,90,266449,1486254
2022-06-10,120,1235401,3805175
2022-06-10,180,3870746,27864239
2022-06-10,270,9624236,39627310
2022-06-11,-1,49919362,39634031
2022-06-11,30,28387,212196
2022-06-11,90,261807,1475614
2022-06-11,120,1174144,3648939
2022-06-11,180,3845537,27402842
2022-06-11,270,9447856,39632970
2022-06-12,-1,49919502,39634798
2022-06-12,30,26941,202458
2022-06-12,90,251445,1429692
2022-06-12,120,1102385,3497574
2022-06-12,180,3820552,26909431
2022-06-12,270,9284869,39633185
2022-06-13,-1,49920102,39641090
2022-06-13,30,26185,200524
2022-06-13,90,241529,1389093
2022-06-13,120,1061550,3435018
2022-06-13,180,3795863,26398608
2022-06-13,270,9125367,39638585
2022-06-14,-1,49920925,39648958
2022-06-14,30,26672,207263
2022-06-14,90,232895,1354987
2022-06-14,120,1015757,3326708
2022-06-14,180,3768857,25886260
2022-06-14,270,8976020,39645365
2022-06-15,-1,49921873,39656800
2022-06-15,30,26813,206719
2022-06-15,90,224159,1317957
2022-06-15,120,968246,3211075
2022-06-15,180,3740513,25376955
2022-06-15,270,8848996,39652493
2022-06-16,-1,49922599,39664181
2022-06-16,30,26297,205436
2022-06-16,90,214744,1276294
2022-06-16,120,923350,3112352
2022-06-16,180,3714264,24915636
2022-06-16,270,8768592,39659396
2022-06-17,-1,49923314,39671410
2022-06-17,30,25644,203459
2022-06-17,90,206326,1236993
2022-06-17,120,881245,3021488
2022-06-17,180,3699872,24622359
2022-06-17,270,8589228,39657580
2022-06-18,-1,49924088,39676997
2022-06-18,30,24925,199782
2022-06-18,90,204497,1230881
2022-06-18,120,835459,2914512
2022-06-18,180,3670089,24150492
2022-06-18,270,8423393,39654356
2022-06-19,-1,49924133,39677519
2022-06-19,30,23551,190816
2022-06-19,90,196980,1191191
2022-06-19,120,783012,2814712
2022-06-19,180,3639832,23657654
2022-06-19,270,8264378,39645464
2022-06-20,-1,49924719,39684209
2022-06-20,30,22838,189614
2022-06-20,90,189140,1160139
2022-06-20,120,752201,2781044
2022-06-20,180,3611037,23179662
2022-06-20,270,8126900,39642846
2022-06-21,-1,49925447,39691842
2022-06-21,30,23334,196235
2022-06-21,90,182675,1134078
2022-06-21,120,715065,2699039
2022-06-21,180,3583594,22760411
2022-06-21,270,7987105,39641539
2022-06-22,-1,49926220,39699140
2022-06-22,30,23283,195274
2022-06-22,90,175211,1102587
2022-06-22,120,678665,2622573
2022-06-22,180,3571278,22556897
2022-06-22,270,7868347,39643216
2022-06-23,-1,49926862,39706591
2022-06-23,30,22855,194064
2022-06-23,90,167745,1066380
2022-06-23,120,645953,2550626
2022-06-23,180,3569820,22531295
2022-06-23,270,7797047,39646335
2022-06-24,-1,49927496,39714041
2022-06-24,30,22126,192071
2022-06-24,90,160266,1032113
2022-06-24,120,614060,2479921
2022-06-24,180,3561718,22379685
2022-06-24,270,7662069,39643755
2022-06-25,-1,49928328,39720570
2022-06-25,30,21767,189148
2022-06-25,90,158674,1028959
2022-06-25,120,580168,2395750
2022-06-25,180,3515852,21881578
2022-06-25,270,7545437,39638915
2022-06-26,-1,49928456,39721093
2022-06-26,30,20672,179765
2022-06-26,90,152709,994257
2022-06-26,120,541167,2307146
2022-06-26,180,3473618,21327921
2022-06-26,270,7433263,39627619
2022-06-27,-1,49928983,39728201
2022-06-27,30,19998,179003
2022-06-27,90,147468,968844
2022-06-27,120,519160,2278400
2022-06-27,180,3439925,20784399
2022-06-27,270,7323579,39619801
2022-06-28,-1,49929722,39736388
2022-06-28,30,20452,185927
2022-06-28,90,142659,946843
2022-06-28,120,491454,2204899
2022-06-28,180,3408941,20292784
2022-06-28,270,7229370,39608892
2022-06-29,-1,49930476,39744092
2022-06-29,30,20280,185608
2022-06-29,90,137541,921381
2022-06-29,120,469540,2158670
2022-06-29,180,3395624,20053099
2022-06-29,270,7151671,39602587
2022-06-30,-1,49931215,39752209
2022-06-30,30,19987,185197
2022-06-30,90,133943,904321
2022-06-30,120,448307,2116164
2022-06-30,180,3392883,19996405
2022-06-30,270,7104700,39603053
2022-07-01,-1,49931788,39758641
2022-07-01,30,19671,183988
2022-07-01,90,130031,887484
2022-07-01,120,426308,2067663
2022-07-01,180,3370774,19726123
2022-07-01,270,7016904,39575050
2022-07-02,-1,49932323,39763404
2022-07-02,30,20172,188277
2022-07-02,90,129521,887749
2022-07-02,120,403647,2009639
2022-07-02,180,3323642,19210887
2022-07-02,270,6937089,39545852
2022-07-03,-1,49932372,39763867
2022-07-03,30,19410,181414
2022-07-03,90,125923,866682
2022-07-03,120,379938,1952153
2022-07-03,180,3277535,18639292
2022-07-03,270,6865172,39512172
2022-07-04,-1,49932840,39770116
2022-07-04,30,19009,182508
2022-07-04,90,122648,850011
2022-07-04,120,370941,1941203
2022-07-04,180,3237434,18085170
2022-07-04,270,6793807,39484087
2022-07-05,-1,49933456,39778218
2022-07-05,30,19536,190024
2022-07-05,90,119173,836283
2022-07-05,120,355674,1897919
2022-07-05,180,3214685,17818796
2022-07-05,270,6713817,39458610
2022-07-06,-1,49934075,39785784
2022-07-06,30,19493,190629
2022-07-06,90,115847,820532
2022-07-06,120,340860,1856692
2022-07-06,180,3151831,17272194
2022-07-06,270,6638346,39444019
2022-07-07,-1,49934631,39794021
2022-07-07,30,19122,191025
2022-07-07,90,111724,802062
2022-07-07,120,327638,1818419
2022-07-07,180,3091758,16777072
2022-07-07,270,6593134,39438648
2022-07-08,-1,49935296,39802076
2022-07-08,30,18810,191185
2022-07-08,90,108017,786238
2022-07-08,120,314296,1774363
2022-07-08,180,3049782,16465446
2022-07-08,270,6506406,39405611
2022-07-09,-1,49935842,39808172
2022-07-09,30,18325,188883
2022-07-09,90,107672,787720
2022-07-09,120,299301,1723215
2022-07-09,180,2989456,15929285
2022-07-09,270,6422478,39364824
2022-07-10,-1,49935901,39808705
2022-07-10,30,17436,180882
2022-07-10,90,103936,765574
2022-07-10,120,283885,1667136
2022-07-10,180,2928051,15342851
2022-07-10,270,6334359,39313264
2022-07-11,-1,49936374,39816320
2022-07-11,30,17012,182289
2022-07-11,90,101059,751416
2022-07-11,120,278819,1657903
2022-07-11,180,2870326,14769200
2022-07-11,270,6243327,39262395
2022-07-12,-1,49937010,39825264
2022-07-12,30,17508,190466
2022-07-12,90,98145,739027
2022-07-12,120,268953,1620158
2022-07-12,180,2812613,14197784
2022-07-12,270,6150388,39215739
2022-07-13,-1,49937628,39835297
2022-07-13,30,17526,194207
2022-07-13,90,95289,725291
2022-07-13,120,259055,1583300
2022-07-13,180,2766685,13619267
2022-07-13,270,6068054,39189006
2022-07-14,-1,49938244,39845444
2022-07-14,30,17319,196486
2022-07-14,90,92830,714826
2022-07-14,120,250214,1551473
2022-07-14,180,2728238,13059491
2022-07-14,270,6017213,39175335
2022-07-15,-1,49938854,39856023
2022-07-15,30,16981,199223
2022-07-15,90,91295,713485
2022-07-15,120,241140,1517180
2022-07-15,180,2697843,12728224
2022-07-15,270,5927545,39126447
2022-07-16,-1,49939364,39863204
2022-07-16,30,16765,199023
2022-07-16,90,91742,720318
2022-07-16,120,231509,1475317
2022-07-16,180,2643766,12245767
2022-07-16,270,5849723,39064267
2022-07-17,-1,49939411,39863968
2022-07-17,30,16097,192558
2022-07-17,90,91641,720432
2022-07-17,120,222423,1429551
2022-07-17,180,2585609,11729533
2022-07-17,270,5774698,38986892
2022-07-18,-1,49939897,39873270
2022-07-18,30,15809,196273
2022-07-18,90,88648,707758
2022-07-18,120,220306,1427154
2022-07-18,180,2529073,11236069
2022-07-18,270,5696881,38914465
2022-07-19,-1,49940453,39883756
2022-07-19,30,16320,206237
2022-07-19,90,85715,697995
2022-07-19,120,213300,1397428
2022-07-19,180,2475459,10747758
2022-07-19,270,5623642,38847947
2022-07-20,-1,49941003,39894855
2022-07-20,30,16284,210646
2022-07-20,90,83432,689320
2022-07-20,120,205424,1370785
2022-07-20,180,2434118,10265010
2022-07-20,270,5563384,38807101
2022-07-21,-1,49941607,39906591
2022-07-21,30,16160,214749
2022-07-21,90,81128,680362
2022-07-21,120,198835,1348827
2022-07-21,180,2403761,9807162
2022-07-21,270,5530600,38795402
2022-07-22,-1,49942203,39917116
2022-07-22,30,15983,217976
2022-07-22,90,79091,674683
2022-07-22,120,191194,1320563
2022-07-22,180,2369567,9542327
2022-07-22,270,5466296,38724316